Order_ID,Merchant,Original_Time,Quantity,Item,Details,Price,Subtotal,Discount,Delivery_Fee,Bag_Fee,Platform_Fee,Tip,Total_Incl_Tax,Date,Weekday,Time_24hr
c1wk-2505-l5ze,萬華莊家班麻油雞 (永和永貞店),2月2日 週日 下午10:02,1,人氣麻油綜合套餐,,290,0,0,0,0,0,0,0,2025/02/02,Sunday,22:02
gwkw-2505-ydnh,叮哥茶飲 (東大門店),1月30日 週四 下午8:19,1,紅豆鮮奶茶,"少冰, 微糖",62,0,0,0,0,0,0,0,2025/01/30,Thursday,20:19
gwkw-2505-ydnh,叮哥茶飲 (東大門店),1月30日 週四 下午8:19,1,初鹿鮮奶茶,"去冰, 微糖",66,0,0,0,0,0,0,0,2025/01/30,Thursday,20:19
gwkw-2505-ydnh,叮哥茶飲 (東大門店),1月30日 週四 下午8:19,1,小農鮮奶茶,"去冰, 微糖",72,0,0,0,0,0,0,0,2025/01/30,Thursday,20:19
gwkw-2505-ydnh,叮哥茶飲 (東大門店),1月30日 週四 下午8:19,1,初鹿鮮奶茶,"微冰, 微糖, 加珍珠【如無大珍珠隨即換上小珍珠】",72,0,0,0,0,0,0,0,2025/01/30,Thursday,20:19
gwkw-2505-ydnh,叮哥茶飲 (東大門店),1月30日 週四 下午8:19,1,芋圓奶茶,"熱, 無糖",60,0,0,0,0,0,0,0,2025/01/30,Thursday,20:19
gwkw-2505-ydnh,叮哥茶飲 (東大門店),1月30日 週四 下午8:19,1,初鹿鮮奶茶,"去冰, 無糖",60,0,0,0,0,0,0,0,2025/01/30,Thursday,20:19
gwkw-2505-ydnh,叮哥茶飲 (東大門店),1月30日 週四 下午8:19,1,紅豆鮮奶茶,"熱, 少糖",72,0,0,0,0,0,0,0,2025/01/30,Thursday,20:19
lh4y-2505-l9sv,迷客夏 Milksha (臺東中華店),1月27日 週一 下午9:47,1,就是蜂蜜 拿鐵Honey Ruhuna Milk Tea,熱,100,0,0,0,0,0,0,0,2025/01/27,Monday,21:47
rioi-2505-lx7l,神仙滷味 (台東正氣總店),1月27日 週一 下午8:06,1,A餐,"不辣, 高麗菜【1份】",155,0,0,0,0,0,0,0,2025/01/27,Monday,20:06
rioi-2505-lx7l,神仙滷味 (台東正氣總店),1月27日 週一 下午8:06,1,秘傳滷肉飯,不辣,45,0,0,0,0,0,0,0,2025/01/27,Monday,20:06
r5in-2504-nxvl,胖老爹美式炸雞 (嘉義友愛店),1月26日 週日 下午11:33,1,【2號餐】,可樂,150,0,0,0,0,0,0,0,2025/01/26,Sunday,23:33
p3fv-2504-7j9h,四海脆皮臭豆腐,1月26日 週日 下午7:01,1,脆皮臭豆腐【大】,加辣,95,0,0,0,0,0,0,0,2025/01/26,Sunday,19:01
p3fv-2504-7j9h,四海脆皮臭豆腐,1月26日 週日 下午7:01,1,粉腸豬血湯,,45,0,0,0,0,0,0,0,2025/01/26,Sunday,19:01
p3fv-2504-7j9h,四海脆皮臭豆腐,1月26日 週日 下午7:01,1,脆皮臭豆腐【小】,"不加辣, 不加蒜頭",75,0,0,0,0,0,0,0,2025/01/26,Sunday,19:01
p3fv-2504-7j9h,四海脆皮臭豆腐,1月26日 週日 下午7:01,1,腸子湯,,45,0,0,0,0,0,0,0,2025/01/26,Sunday,19:01
mg20-2501-2al1,得正 OOLONG TEA PROJECT (永和得和計劃),1月1日 週三 下午12:33,1,雙柚金烏龍,"中杯, 微微糖, 去冰",65,0,0,0,0,0,0,0,2025/01/01,Wednesday,12:33
mg20-2501-2al1,得正 OOLONG TEA PROJECT (永和得和計劃),1月1日 週三 下午12:33,1,焙烏龍奶茶,"大杯, 微糖, 熱, 珍珠",65,0,0,0,0,0,0,0,2025/01/01,Wednesday,12:33
mg20-2501-2al1,得正 OOLONG TEA PROJECT (永和得和計劃),1月1日 週三 下午12:33,1,百香果綠茶,"中杯, 微微糖, 去冰",55,0,0,0,0,0,0,0,2025/01/01,Wednesday,12:33
l4xv-2452-3jh6,麥當勞 (S129 嘉義垂楊店),12月29日 週日 下午7:00,1,套餐-原味麥脆鷄腿 (2塊) Original Chicken McCrispy (2pcs) Meal,"薯條 (大) Fries (L), 檸檬風味紅茶(冰) (中) lemon flavored black tea(iced) (m), 無需加價購 no, thanks",217,0,0,0,0,0,0,0,2024/12/29,Sunday,19:00
l4xv-2452-3jh6,麥當勞 (S129 嘉義垂楊店),12月29日 週日 下午7:00,1,套餐-麥克鷄塊(6塊) Chicken McNuggets (6pcs) Meal,"原味麥脆鷄腿(1塊) (棒腿或大腿部位恕不指定、更換) Original Chicken McCrispy (1pc) (Drumsticks & thighs are distributed randomly), 玉米湯 (大) corn soup (l), 無需加價購 no, thanks, 醣醋醬包 sweet sour sauce",176,0,0,0,0,0,0,0,2024/12/29,Sunday,19:00
ovh5-2452-c9s7,潮味決．湯滷專門店 (台南金華分社),12月24日 週二 下午8:35,1,胖打熊貓豆腐套餐,"藥膳是經典【湯】, 豬肉片, 泡麵, 麻辣豆腐, ★豬肉片",250,0,0,0,0,0,0,0,2024/12/24,Tuesday,20:35
a6ye-2452-c6u8,胖老爹美式炸雞 (台南新興店),12月24日 週二 下午8:35,1,【2號餐】,雪碧小寶特瓶350ml,150,0,0,0,0,0,0,0,2024/12/24,Tuesday,20:35
a6ye-2452-c6u8,胖老爹美式炸雞 (台南新興店),12月24日 週二 下午8:35,1,【2號餐】,可樂小寶特瓶350ml,150,0,0,0,0,0,0,0,2024/12/24,Tuesday,20:35
bsll-2452-12ya,家禾火雞肉飯,12月24日 週二 下午1:14,2,火雞肉飯,,150,0,0,0,0,0,0,0,2024/12/24,Tuesday,13:14
bsll-2452-12ya,家禾火雞肉飯,12月24日 週二 下午1:14,2,味噌湯,,70,0,0,0,0,0,0,0,2024/12/24,Tuesday,13:14
bsll-2452-12ya,家禾火雞肉飯,12月24日 週二 下午1:14,1,燙青菜,"加蒜, 地瓜葉",45,0,0,0,0,0,0,0,2024/12/24,Tuesday,13:14
kfyk-2450-66tj,鍋賣局 (嘉義仁愛店),12月12日 週四 下午6:56,1,味增豆腐鍋套餐,"雪碧, 豬肉",160,0,0,0,0,0,0,0,2024/12/12,Thursday,18:56
lq06-2447-xjle,心晴人蔘雞湯專賣雞肉飯,11月23日 週六 下午5:13,1,四物雞湯,,130,0,0,0,0,0,0,0,2024/11/23,Saturday,17:13
r5in-2446-2yfv,胖老爹美式炸雞 (嘉義友愛店),11月14日 週四 下午6:55,1,【2號餐】,檸檬紅茶,150,0,0,0,0,0,0,0,2024/11/14,Thursday,18:55
r5in-2444-5ijx,胖老爹美式炸雞 (嘉義友愛店),11月2日 週六 下午11:05,1,【2號餐】,雪碧,150,0,0,0,0,0,0,0,2024/11/02,Saturday,23:05
r5in-2444-5ijx,胖老爹美式炸雞 (嘉義友愛店),11月2日 週六 下午11:05,1,雞腿,,70,0,0,0,0,0,0,0,2024/11/02,Saturday,23:05
i3gg-2444-12jy,八方雲集 (嘉義南京店),11月2日 週六 下午6:03,1,招牌鍋貼,蒜味沾醬,93,0,0,0,0,0,0,0,2024/11/02,Saturday,18:03
i3gg-2444-12jy,八方雲集 (嘉義南京店),11月2日 週六 下午6:03,1,玉米濃湯,,50,0,0,0,0,0,0,0,2024/11/02,Saturday,18:03
i3gg-2444-12jy,八方雲集 (嘉義南京店),11月2日 週六 下午6:03,1,黑豆漿,,27,0,0,0,0,0,0,0,2024/11/02,Saturday,18:03
i3gg-2444-12jy,八方雲集 (嘉義南京店),11月2日 週六 下午6:03,1,燉蘿蔔,,50,0,0,0,0,0,0,0,2024/11/02,Saturday,18:03
i3gg-2444-12jy,八方雲集 (嘉義南京店),11月2日 週六 下午6:03,1,酸辣湯,,50,0,0,0,0,0,0,0,2024/11/02,Saturday,18:03
i3gg-2444-12jy,八方雲集 (嘉義南京店),11月2日 週六 下午6:03,1,珍珠抄手【和風】,,80,0,0,0,0,0,0,0,2024/11/02,Saturday,18:03
r5in-2440-49ll,胖老爹美式炸雞 (嘉義友愛店),10月1日 週二 下午3:09,1,【2號餐】,蘋果汁,150,0,0,0,0,0,0,0,2024/10/01,Tuesday,15:09
r5in-2440-49ll,胖老爹美式炸雞 (嘉義友愛店),10月1日 週二 下午3:09,1,【2號餐】,雪碧,150,0,0,0,0,0,0,0,2024/10/01,Tuesday,15:09
dh03-2440-o6p0,麥味登 (嘉義上海店),9月30日 週一 上午8:58,1,鮮蛋沙拉【麵包】,湯種,52,0,0,0,0,0,0,0,2024/09/30,Monday,08:58
dh03-2440-o6p0,麥味登 (嘉義上海店),9月30日 週一 上午8:58,1,錫蘭紅茶【L | 冰】,,33,0,0,0,0,0,0,0,2024/09/30,Monday,08:58
dh03-2440-o6p0,麥味登 (嘉義上海店),9月30日 週一 上午8:58,1,原塊嫩雞起司滿分堡,,91,0,0,0,0,0,0,0,2024/09/30,Monday,08:58
dh03-2440-o6p0,麥味登 (嘉義上海店),9月30日 週一 上午8:58,1,紅茶拿鐵【350cc | 冰】,,46,0,0,0,0,0,0,0,2024/09/30,Monday,08:58
h6dj-2439-sthy,黑貓滷味 (竹北嘉興店),9月28日 週六 下午10:18,1,鴨血豬肉套餐,"蒸煮麵, 椒麻拌醬【乾】, 不加辣, 豆腐, 牛肚, 小豆干, 白蘿蔔",380,0,0,0,0,0,0,0,2024/09/28,Saturday,22:18
obrp-2434-if2h,五桐號 WooTEA (永和樂華店),8月25日 週日 下午3:00,1,清香奶霜烏龍 Oolong Tea with Cream,"大杯, 微糖-30%, 微冰 - 10%",69,0,0,0,0,0,0,0,2024/08/25,Sunday,15:00
obrp-2434-if2h,五桐號 WooTEA (永和樂華店),8月25日 週日 下午3:00,1,一把青茶 Turquoise Tea,"大杯, 無糖-0%, 微冰 - 10%",45,0,0,0,0,0,0,0,2024/08/25,Sunday,15:00
obrp-2434-if2h,五桐號 WooTEA (永和樂華店),8月25日 週日 下午3:00,1,綠茶凍五桐茶拿鐵 Wootea & Jelly with Milk,"大杯, 微糖-30%, 微冰 - 10%",75,0,0,0,0,0,0,0,2024/08/25,Sunday,15:00
cn4g-2422-cxys,山焙 (內湖科技店),5月31日 週五 下午12:29,1,梅菓88°C【冰】,"無糖, 微冰",75,0,0,0,0,0,0,0,2024/05/31,Friday,12:29
cn4g-2422-cxys,山焙 (內湖科技店),5月31日 週五 下午12:29,1,赤龍黑奶蓋,少糖,75,0,0,0,0,0,0,0,2024/05/31,Friday,12:29
cn4g-2422-cxys,山焙 (內湖科技店),5月31日 週五 下午12:29,1,羅賓拿鐵,"微糖, 完全去冰",75,0,0,0,0,0,0,0,2024/05/31,Friday,12:29
cn4g-2422-cxys,山焙 (內湖科技店),5月31日 週五 下午12:29,1,羅賓黑奶蓋,一分糖,75,0,0,0,0,0,0,0,2024/05/31,Friday,12:29
cn4g-2422-cxys,山焙 (內湖科技店),5月31日 週五 下午12:29,1,山焙黑金,"少糖, 微冰",50,0,0,0,0,0,0,0,2024/05/31,Friday,12:29
cn4g-2422-cxys,山焙 (內湖科技店),5月31日 週五 下午12:29,1,墨赤紅茶,"微糖, 微冰",50,0,0,0,0,0,0,0,2024/05/31,Friday,12:29
cn4g-2422-cxys,山焙 (內湖科技店),5月31日 週五 下午12:29,1,88°C焙茶歐雷【冰】,"一分糖, 微冰",75,0,0,0,0,0,0,0,2024/05/31,Friday,12:29
cn4g-2422-cxys,山焙 (內湖科技店),5月31日 週五 下午12:29,1,極上 88C 焙茶,"無糖, 完全去冰",50,0,0,0,0,0,0,0,2024/05/31,Friday,12:29
cn4g-2422-cxys,山焙 (內湖科技店),5月31日 週五 下午12:29,1,山焙黑金,"無糖, 微冰",50,0,0,0,0,0,0,0,2024/05/31,Friday,12:29
w9uz-2422-eynw,Heart Churros 哈啾吉拿甜心館,5月28日 週二 下午2:15,1,超值中量餐，附贈冰茶兩杯,"蜂蜜, 白奶油起司",400,0,0,0,0,0,0,0,2024/05/28,Tuesday,14:15
me8l-2421-z8tb,麥哲倫美式炸雞,5月26日 週日 下午6:33,1,雞腿,,77,0,0,0,0,0,0,0,2024/05/26,Sunday,18:33
me8l-2421-z8tb,麥哲倫美式炸雞,5月26日 週日 下午6:33,1,海鮮濃湯,,66,0,0,0,0,0,0,0,2024/05/26,Sunday,18:33
me8l-2421-z8tb,麥哲倫美式炸雞,5月26日 週日 下午6:33,1,洋蔥圈,,44,0,0,0,0,0,0,0,2024/05/26,Sunday,18:33
a6mu-2420-vfuk,陳家美食,5月19日 週日 下午7:20,1,魯肉飯,,50,0,0,0,0,0,0,0,2024/05/19,Sunday,19:20
a6mu-2420-vfuk,陳家美食,5月19日 週日 下午7:20,1,蚵仔湯,,40,0,0,0,0,0,0,0,2024/05/19,Sunday,19:20
a6mu-2420-vfuk,陳家美食,5月19日 週日 下午7:20,1,雞魯飯,,55,0,0,0,0,0,0,0,2024/05/19,Sunday,19:20
a6mu-2420-vfuk,陳家美食,5月19日 週日 下午7:20,1,蔬菜豆腐蛋花湯,,50,0,0,0,0,0,0,0,2024/05/19,Sunday,19:20
a6mu-2420-vfuk,陳家美食,5月19日 週日 下午7:20,1,燙地瓜葉,,40,0,0,0,0,0,0,0,2024/05/19,Sunday,19:20
a6mu-2420-vfuk,陳家美食,5月19日 週日 下午7:20,1,魯筍干,,40,0,0,0,0,0,0,0,2024/05/19,Sunday,19:20
a6mu-2420-vfuk,陳家美食,5月19日 週日 下午7:20,1,【蒜泥】粉腸,,40,0,0,0,0,0,0,0,2024/05/19,Sunday,19:20
a6mu-2420-vfuk,陳家美食,5月19日 週日 下午7:20,1,皮蛋豆腐,,30,0,0,0,0,0,0,0,2024/05/19,Sunday,19:20
v5cz-2420-umef,拿坡里 (嘉義民族店 8401),5月19日 週日 下午12:53,1,MINI 披薩炸雞獨享餐,"【mini披薩】海鮮, 2塊原味炸雞, 迷你瓶雪碧【350ml】, 購物袋",231,0,0,0,0,0,0,0,2024/05/19,Sunday,12:53
v5cz-2420-umef,拿坡里 (嘉義民族店 8401),5月19日 週日 下午12:53,1,MINI 披薩炸雞獨享餐,"【mini披薩】夏威夷, 2塊普羅旺斯烤雞, 迷你瓶可樂【350ml】, 購物袋",231,0,0,0,0,0,0,0,2024/05/19,Sunday,12:53
r185-2420-2vz0,胖老爹美式炸雞 (永和智光店),5月15日 週三 下午7:52,1,2號餐(雞塊+雞腿+小飲料),可口可樂350ml,150,0,0,0,0,0,0,0,2024/05/15,Wednesday,19:52
l4dd-2420-9pqn,再睡5分鐘 (內湖江南店),5月14日 週二 下午1:51,1,★柚紅柚綠,"【M】, 少冰, 微糖0.4/0.2, 【不加配料】",70,0,0,0,0,0,0,0,2024/05/14,Tuesday,13:51
l4dd-2420-9pqn,再睡5分鐘 (內湖江南店),5月14日 週二 下午1:51,1,★棉被日安紅,"【M】, 【不加配料】, 少冰, 一分糖0.3/0.2",65,0,0,0,0,0,0,0,2024/05/14,Tuesday,13:51
l4dd-2420-9pqn,再睡5分鐘 (內湖江南店),5月14日 週二 下午1:51,1,★棉被深焙烏龍,"【L】, 【不加配料】, 少冰, 一分糖0.3/0.2",77,0,0,0,0,0,0,0,2024/05/14,Tuesday,13:51
l4dd-2420-9pqn,再睡5分鐘 (內湖江南店),5月14日 週二 下午1:51,1,★棉被深焙烏龍,"【L】, 【不加配料】, 少冰, 半糖1/0.7",77,0,0,0,0,0,0,0,2024/05/14,Tuesday,13:51
b7y6-2419-bnns,すき家 Sukiya (永和頂溪店),5月12日 週日 下午7:52,1,泡菜牛丼,,144,0,0,0,0,0,0,0,2024/05/12,Sunday,19:52
b7y6-2419-bnns,すき家 Sukiya (永和頂溪店),5月12日 週日 下午7:52,1,3種起司牛丼,C 青菜套餐(すき家的青菜、味噌湯),204,0,0,0,0,0,0,0,2024/05/12,Sunday,19:52
b7y6-2419-bnns,すき家 Sukiya (永和頂溪店),5月12日 週日 下午7:52,1,溫泉蛋,,35,0,0,0,0,0,0,0,2024/05/12,Sunday,19:52
f8jk-2419-hvbo,傻師傅湯包 (嘉義民族店),5月7日 週二 下午12:08,1,鮮肉 湯包,,75,0,0,0,0,0,0,0,2024/05/07,Tuesday,12:08
f8jk-2419-hvbo,傻師傅湯包 (嘉義民族店),5月7日 週二 下午12:08,1,貢丸湯,,40,0,0,0,0,0,0,0,2024/05/07,Tuesday,12:08
l4xv-bu10,麥當勞 (S129 嘉義垂楊店),5月5日 週日 下午3:47,1,麥克鷄塊 (6塊) Chicken McNuggets (6pcs),醣醋醬包 Sweet Sour Sauce,69,0,0,0,0,0,0,0,2024/05/05,Sunday,15:47
l4xv-bu10,麥當勞 (S129 嘉義垂楊店),5月5日 週日 下午3:47,2,蘋果派 Apple Pie,,84,0,0,0,0,0,0,0,2024/05/05,Sunday,15:47
l4xv-bu10,麥當勞 (S129 嘉義垂楊店),5月5日 週日 下午3:47,1,玉米湯 (大) Corn Soup (L),,55,0,0,0,0,0,0,0,2024/05/05,Sunday,15:47
a7ku-2ruu,61手作茶 (嘉義宣信總店),5月2日 週四 上午11:01,1,百香綠茶,"半糖, 去冰, 加椰果【1份】",67,0,0,0,0,0,0,0,2024/05/02,Thursday,11:01
a9xh-tmij,清心福全 (嘉義仁愛店),5月1日 週三 上午9:28,1,優多百香果綠茶,"去冰(0%), 推薦-半糖 【5分糖】, 椰果2【僅限冷飲】",70,0,0,0,0,0,0,0,2024/05/01,Wednesday,09:28
a7fp-g74e,21PLUS、21風味館 (嘉義大潤發門市),4月28日 週日 下午7:02,1,0366【限定83折優惠】炸烤分享餐,"蜂蜜綠茶(L), 檸檬風味紅茶(l)",509,0,0,0,0,0,0,0,2024/04/28,Sunday,19:02
n5kq-gonc,統一超商 (嘉義垂楊店),4月21日 週日 下午11:34,1,*冰戀雙旋冰淇淋-巧克力香草 | 100 g,,40,0,0,0,0,0,0,0,2024/04/21,Sunday,23:34
n5kq-gonc,統一超商 (嘉義垂楊店),4月21日 週日 下午11:34,1,(選)哈根達斯香草迷你杯 | 1杯,,129,0,0,0,0,0,0,0,2024/04/21,Sunday,23:34
n5kq-gonc,統一超商 (嘉義垂楊店),4月21日 週日 下午11:34,1,統一大布丁-雞蛋口味 | 1盒,你將收到關於此商品的退款。,20,0,0,0,0,0,0,0,2024/04/21,Sunday,23:34
z0ar-nsr0,方櫃仔魯味（仁愛店）,4月21日 週日 下午9:25,1,雞肝,,10,0,0,0,0,0,0,0,2024/04/21,Sunday,21:25
z0ar-nsr0,方櫃仔魯味（仁愛店）,4月21日 週日 下午9:25,1,高麗菜,,10,0,0,0,0,0,0,0,2024/04/21,Sunday,21:25
z0ar-nsr0,方櫃仔魯味（仁愛店）,4月21日 週日 下午9:25,1,箭筍,,20,0,0,0,0,0,0,0,2024/04/21,Sunday,21:25
z0ar-nsr0,方櫃仔魯味（仁愛店）,4月21日 週日 下午9:25,1,小黃瓜,,20,0,0,0,0,0,0,0,2024/04/21,Sunday,21:25
z0ar-nsr0,方櫃仔魯味（仁愛店）,4月21日 週日 下午9:25,1,雞心,,20,0,0,0,0,0,0,0,2024/04/21,Sunday,21:25
z0ar-nsr0,方櫃仔魯味（仁愛店）,4月21日 週日 下午9:25,1,豆干,,10,0,0,0,0,0,0,0,2024/04/21,Sunday,21:25
z0ar-nsr0,方櫃仔魯味（仁愛店）,4月21日 週日 下午9:25,1,鴨血,,10,0,0,0,0,0,0,0,2024/04/21,Sunday,21:25
z0ar-nsr0,方櫃仔魯味（仁愛店）,4月21日 週日 下午9:25,1,雞胗,,20,0,0,0,0,0,0,0,2024/04/21,Sunday,21:25
z0ar-nsr0,方櫃仔魯味（仁愛店）,4月21日 週日 下午9:25,1,王子麵,,10,0,0,0,0,0,0,0,2024/04/21,Sunday,21:25
z0ar-nsr0,方櫃仔魯味（仁愛店）,4月21日 週日 下午9:25,1,四季豆,,20,0,0,0,0,0,0,0,2024/04/21,Sunday,21:25
z0ar-nsr0,方櫃仔魯味（仁愛店）,4月21日 週日 下午9:25,1,肝蓮肉,,20,0,0,0,0,0,0,0,2024/04/21,Sunday,21:25
z0ar-nsr0,方櫃仔魯味（仁愛店）,4月21日 週日 下午9:25,1,豬肝,,10,0,0,0,0,0,0,0,2024/04/21,Sunday,21:25
wkii-ihoy,鼎味寶 藍波雞 (嘉義文化路夜市店),4月21日 週日 下午9:29,1,綜合油雞【大】,,199,0,0,0,0,0,0,0,2023/04/21,Sunday,21:29
b8lw-u2ph,麥當勞 (S256 台南民族店),4月20日 週六 上午12:11,1,套餐-原味麥脆鷄腿 (2塊) Original Chicken McCrispy (2pcs) Meal,"麥克鷄塊(4塊)+大薯 Chicken McNuggets (4pcs) + Fries (L), 玉米湯 (大) corn soup (l), 無需加價購 no, thanks, 醣醋醬包 sweet sour sauce",277,0,0,0,0,0,0,0,2023/04/20,Saturday,00:11
b8lw-u2ph,麥當勞 (S256 台南民族店),4月20日 週六 上午12:11,1,麥克鷄塊 (10塊) Chicken McNuggets (10pcs),"不要醬包 No Sauce, 泰式香辣醬包 thai chili sauce",109,0,0,0,0,0,0,0,2023/04/20,Saturday,00:11
b8lw-u2ph,麥當勞 (S256 台南民族店),4月20日 週六 上午12:11,1,OREO草莓冰炫風 OREO Strawberry McFlurry,,69,0,0,0,0,0,0,0,2023/04/20,Saturday,00:11
b8lw-u2ph,麥當勞 (S256 台南民族店),4月20日 週六 上午12:11,1,原味麥脆鷄腿(1塊) Original McCrispy (1pc),,69,0,0,0,0,0,0,0,2023/04/20,Saturday,00:11
r5in-nknd,胖老爹美式炸雞 (嘉義友愛店),4月19日 週五 下午12:08,1,【2號餐】,雪碧,150,0,0,0,0,0,0,0,2023/04/19,Friday,12:08
r5in-nknd,胖老爹美式炸雞 (嘉義友愛店),4月19日 週五 下午12:08,2,雞腿,,140,0,0,0,0,0,0,0,2023/04/19,Friday,12:08
u2v6-4mhk,福隆月台便當 (永和得和店),4月16日 週二 下午7:41,1,全瘦肉便當、味噌紫菜蛋花貢丸湯,,115,0,0,0,0,0,0,0,2023/04/16,Tuesday,19:41
u2v6-4mhk,福隆月台便當 (永和得和店),4月16日 週二 下午7:41,1,福隆、全瘦肉便當、味噌紫菜蛋花貢丸湯,,150,0,0,0,0,0,0,0,2023/04/16,Tuesday,19:41
x9db-s57f,肉桂捲 シナモンロール 製作所,4月10日 週三 下午4:46,1,[勁濃香烤蘋果肉桂捲] 2入組 Flavorsome Crusty Apple,,220,0,0,0,0,0,0,0,2023/04/10,Wednesday,16:46
x9db-s57f,肉桂捲 シナモンロール 製作所,4月10日 週三 下午4:46,1,[勁濃經典原味&勁濃香烤蘋果肉桂捲] 2入組 Flavorsome Original&Crusty Apple,,210,0,0,0,0,0,0,0,2023/04/10,Wednesday,16:46
r185-d8we,胖老爹美式炸雞 (永和智光店),4月8日 週一 下午10:15,1,2號餐(雞塊+雞腿+小飲料),可口可樂350ml,150,0,0,0,0,0,0,0,2023/04/08,Monday,22:15
r185-d8we,胖老爹美式炸雞 (永和智光店),4月8日 週一 下午10:15,1,雞腿,,70,0,0,0,0,0,0,0,2023/04/08,Monday,22:15
a47x-cp8u,世賢烤鴨,3月31日 週日 上午11:33,1,片肉、骨炒,不辣,370,0,0,0,0,0,0,0,2023/03/31,Sunday,11:33
d7xs-hd7c,圓環火雞大王,3月30日 週六 下午7:00,1,火雞絲飯盒,,25,0,0,0,0,0,0,0,2023/03/30,Saturday,19:00
d7xs-hd7c,圓環火雞大王,3月30日 週六 下午7:00,1,火雞絲飯盒,,40,0,0,0,0,0,0,0,2023/03/30,Saturday,19:00
d7xs-hd7c,圓環火雞大王,3月30日 週六 下午7:00,1,紅燒蘿蔔,,25,0,0,0,0,0,0,0,2023/03/30,Saturday,19:00
d7xs-hd7c,圓環火雞大王,3月30日 週六 下午7:00,1,地瓜葉,,25,0,0,0,0,0,0,0,2023/03/30,Saturday,19:00
d7xs-hd7c,圓環火雞大王,3月30日 週六 下午7:00,1,紅燒豆腐,,20,0,0,0,0,0,0,0,2023/03/30,Saturday,19:00
d7xs-hd7c,圓環火雞大王,3月30日 週六 下午7:00,1,粉腸湯,,30,0,0,0,0,0,0,0,2023/03/30,Saturday,19:00
d7xs-hd7c,圓環火雞大王,3月30日 週六 下午7:00,1,筍絲,,25,0,0,0,0,0,0,0,2023/03/30,Saturday,19:00
d7xs-hd7c,圓環火雞大王,3月30日 週六 下午7:00,1,苦瓜排骨湯,,35,0,0,0,0,0,0,0,2023/03/30,Saturday,19:00
p1ac-87j4,士林真味廣東粥 (嘉義民生店),3月28日 週四 下午6:25,1,玉米瘦肉粥,皮蛋,109,0,0,0,0,0,0,0,2023/03/28,Thursday,18:25
f0qf-wfr1,粥師傅廣東粥 (永和樂華店),3月28日 週四 下午6:29,1,御膳粥【增量版】,"胡椒不要, 青菜",165,0,0,0,0,0,0,0,2022/03/28,Thursday,18:29
a7fp-qy6g,21PLUS、21風味館 (嘉義大潤發門市),3月24日 週日 下午8:16,1,0324【新春限定優惠】21香草烤半雞,,223,0,0,0,0,0,0,0,2022/03/24,Sunday,20:16
a7fp-qy6g,21PLUS、21風味館 (嘉義大潤發門市),3月24日 週日 下午8:16,1,#9853【輕負擔】鮮蔬手撕雞餐,蜂蜜綠茶(L),179,0,0,0,0,0,0,0,2022/03/24,Sunday,20:16
a1if-kzke,黃金比綠 鮮果茶飲專賣 (嘉義文化店),3月24日 週日 下午4:09,1,檸檬青,"去冰, 5分糖",65,0,0,0,0,0,0,0,2022/03/24,Sunday,16:09
a1if-kzke,黃金比綠 鮮果茶飲專賣 (嘉義文化店),3月24日 週日 下午4:09,1,芭樂檸檬,"去冰, 3分糖",60,0,0,0,0,0,0,0,2022/03/24,Sunday,16:09
j1ax-dy12,錦蓉越南美食,3月24日 週日 下午2:05,1,燙青菜,,35,0,0,0,0,0,0,0,2022/03/24,Sunday,14:05
j1ax-dy12,錦蓉越南美食,3月24日 週日 下午2:05,1,海鮮河粉,湯,70,0,0,0,0,0,0,0,2022/03/24,Sunday,14:05
j1ax-dy12,錦蓉越南美食,3月24日 週日 下午2:05,1,豬肉炒河粉,,70,0,0,0,0,0,0,0,2022/03/24,Sunday,14:05
j1ax-dy12,錦蓉越南美食,3月24日 週日 下午2:05,2,燙青菜,,70,0,0,0,0,0,0,0,2022/03/24,Sunday,14:05
gv5f-rimg,藥膳川燙滷味,3月23日 週六 下午8:37,1,蘿蔔,,25,0,0,0,0,0,0,0,2022/03/23,Saturday,20:37
gv5f-rimg,藥膳川燙滷味,3月23日 週六 下午8:37,1,高麗菜,,25,0,0,0,0,0,0,0,2022/03/23,Saturday,20:37
gv5f-rimg,藥膳川燙滷味,3月23日 週六 下午8:37,1,山茼蒿,,25,0,0,0,0,0,0,0,2022/03/23,Saturday,20:37
gv5f-rimg,藥膳川燙滷味,3月23日 週六 下午8:37,1,海帶,,15,0,0,0,0,0,0,0,2022/03/23,Saturday,20:37
gv5f-rimg,藥膳川燙滷味,3月23日 週六 下午8:37,1,甜不辣,,20,0,0,0,0,0,0,0,2022/03/23,Saturday,20:37
gv5f-rimg,藥膳川燙滷味,3月23日 週六 下午8:37,1,蒸煮麵,,30,0,0,0,0,0,0,0,2022/03/23,Saturday,20:37
gv5f-rimg,藥膳川燙滷味,3月23日 週六 下午8:37,1,洋蔥,,25,0,0,0,0,0,0,0,2022/03/23,Saturday,20:37
gv5f-rimg,藥膳川燙滷味,3月23日 週六 下午8:37,1,小豆干,,20,0,0,0,0,0,0,0,2022/03/23,Saturday,20:37
gv5f-rimg,藥膳川燙滷味,3月23日 週六 下午8:37,1,凍豆腐,,20,0,0,0,0,0,0,0,2022/03/23,Saturday,20:37
gv5f-rimg,藥膳川燙滷味,3月23日 週六 下午8:37,1,鴨肝,,15,0,0,0,0,0,0,0,2022/03/23,Saturday,20:37
gv5f-rimg,藥膳川燙滷味,3月23日 週六 下午8:37,1,鴨胗,,35,0,0,0,0,0,0,0,2022/03/23,Saturday,20:37
gv5f-rimg,藥膳川燙滷味,3月23日 週六 下午8:37,1,豬粉腸,,45,0,0,0,0,0,0,0,2022/03/23,Saturday,20:37
p1ac-jcu9,士林真味廣東粥 (嘉義民生店),3月22日 週五 下午2:05,1,雞肉粥,,90,0,0,0,0,0,0,0,2022/03/22,Friday,14:05
p1ac-jcu9,士林真味廣東粥 (嘉義民生店),3月22日 週五 下午2:05,1,廣東粥,皮蛋,109,0,0,0,0,0,0,0,2022/03/22,Friday,14:05
p1ac-q61q,士林真味廣東粥 (嘉義民生店),3月18日 週一 下午6:45,1,廣東粥,皮蛋,109,0,0,0,0,0,0,0,2022/03/18,Monday,18:45
e2jj-x776,85度C (嘉義中山店),3月14日 週四 下午12:25,1,甜蜜小犬(片),,66,0,0,0,0,0,0,0,2022/03/14,Thursday,12:25
e2jj-x776,85度C (嘉義中山店),3月14日 週四 下午12:25,1,初露多多綠【冰】,"少冰, 半糖",61,0,0,0,0,0,0,0,2022/03/14,Thursday,12:25
fl1j-tt5h,Tea's原味 (嘉義大雅店),3月12日 週二 下午1:48,1,綠茶多多,"半糖 5分, 去冰",45,0,0,0,0,0,0,0,2022/03/12,Tuesday,13:48
p1ac-cm2s,士林真味廣東粥 (嘉義民生店),3月4日 週一 下午7:17,1,皮蛋瘦肉粥,豬肝,105,0,0,0,0,0,0,0,2022/03/04,Monday,19:17
p1ac-cm2s,士林真味廣東粥 (嘉義民生店),3月4日 週一 下午7:17,1,廣東粥,,90,0,0,0,0,0,0,0,2022/03/04,Monday,19:17
dh03-iq2v,麥味登 (嘉義上海店),3月3日 週日 上午9:23,1,花生厚牛起司滿分堡,加蛋,100,0,0,0,0,0,0,0,2022/03/03,Sunday,09:23
dh03-iq2v,麥味登 (嘉義上海店),3月3日 週日 上午9:23,1,檸檬雞漢堡,加蛋,70,0,0,0,0,0,0,0,2022/03/03,Sunday,09:23
dh03-iq2v,麥味登 (嘉義上海店),3月3日 週日 上午9:23,1,豆漿紅茶【溫 | L】,,35,0,0,0,0,0,0,0,2022/03/03,Sunday,09:23
l4xv-w8d4,麥當勞 (S129 嘉義垂楊店),2月25日 週日 下午12:24,1,套餐-原味麥脆鷄腿 (2塊) Original Chicken McCrispy (2pcs) Meal,"6塊鷄塊+大薯 6pc Chicken McNuggets + Fries (L), 玉米湯 (大) corn soup (l), 無需加價購 no, thanks, 糖醋醬包 sweet sour sauce",297,0,0,0,0,0,0,0,2022/02/25,Sunday,12:24
l4xv-w8d4,麥當勞 (S129 嘉義垂楊店),2月25日 週日 下午12:24,2,蘋果派 Apple Pie,,84,0,0,0,0,0,0,0,2022/02/25,Sunday,12:24
l4xv-w8d4,麥當勞 (S129 嘉義垂楊店),2月25日 週日 下午12:24,1,套餐-麥香魚 Filet-O-Fish Meal,"辣味麥脆鷄腿 (棒腿或大腿 部位恕不指定、更換) Spicy McCrispy (Drumsticks & thighs are distributed randomly), 可口可樂 (中) coca cola (m), 無需加價購 no, thanks",147,0,0,0,0,0,0,0,2022/02/25,Sunday,12:24
ncpa-qwlw,新營輝旺牛肉清湯 (嘉義興業店),2月24日 週六 上午11:39,1,牛肉湯,,150,0,0,0,0,0,0,0,2022/02/24,Saturday,11:39
snu2-ssx7,鹹酥李 (花蓮中山店),2月14日 週三 上午12:18,1,私房鹹酥雞①,,90,0,0,0,0,0,0,0,2022/02/14,Wednesday,00:18
snu2-ssx7,鹹酥李 (花蓮中山店),2月14日 週三 上午12:18,1,鮮魷魚㊵,,70,0,0,0,0,0,0,0,2022/02/14,Wednesday,00:18
snu2-ssx7,鹹酥李 (花蓮中山店),2月14日 週三 上午12:18,1,豆乾②,,35,0,0,0,0,0,0,0,2022/02/14,Wednesday,00:18
snu2-ssx7,鹹酥李 (花蓮中山店),2月14日 週三 上午12:18,1,雞蛋豆腐②,,60,0,0,0,0,0,0,0,2022/02/14,Wednesday,00:18
snu2-ssx7,鹹酥李 (花蓮中山店),2月14日 週三 上午12:18,1,芋籤粿③,,35,0,0,0,0,0,0,0,2022/02/14,Wednesday,00:18
snu2-ssx7,鹹酥李 (花蓮中山店),2月14日 週三 上午12:18,1,【免費配料】炸蒜頭,,0,0,0,0,0,0,0,0,2022/02/14,Wednesday,00:18
snu2-ssx7,鹹酥李 (花蓮中山店),2月14日 週三 上午12:18,1,四季豆,,60,0,0,0,0,0,0,0,2022/02/14,Wednesday,00:18
b4py-pw2e,茶朵木 (花蓮國聯店),2月13日 週二 下午10:36,1,青蛙撞奶,完全去冰,65,0,0,0,0,0,0,0,2022/02/13,Tuesday,22:36
b4py-pw2e,茶朵木 (花蓮國聯店),2月13日 週二 下午10:36,1,青蛙撞奶,微冰,65,0,0,0,0,0,0,0,2022/02/13,Tuesday,22:36
b4py-pw2e,茶朵木 (花蓮國聯店),2月13日 週二 下午10:36,1,紅茶拿鐵,"完全去冰, 半糖, 加珍珠",65,0,0,0,0,0,0,0,2022/02/13,Tuesday,22:36
wbkv-iwce,早安有喜 (台中博館店),2月4日 週日 上午8:18,1,德式香腸-脆捲餅,,70,0,0,0,0,0,0,0,2022/02/04,Sunday,08:18
wbkv-iwce,早安有喜 (台中博館店),2月4日 週日 上午8:18,1,田園蔬菜-脆捲餅,正常,60,0,0,0,0,0,0,0,2022/02/04,Sunday,08:18
wbkv-iwce,早安有喜 (台中博館店),2月4日 週日 上午8:18,1,蜂蜜百香,去冰,65,0,0,0,0,0,0,0,2022/02/04,Sunday,08:18
wbkv-iwce,早安有喜 (台中博館店),2月4日 週日 上午8:18,1,蛋,半熟,20,0,0,0,0,0,0,0,2022/02/04,Sunday,08:18
tn6s-58ns,濰克早午餐 (台中民權店),2月3日 週六 上午9:34,1,煙燻雞肉蛋餅,,70,0,0,0,0,0,0,0,2022/02/03,Saturday,09:34
tn6s-58ns,濰克早午餐 (台中民權店),2月3日 週六 上午9:34,1,秘製覺醒【棒腿】,,65,0,0,0,0,0,0,0,2022/02/03,Saturday,09:34
tn6s-58ns,濰克早午餐 (台中民權店),2月3日 週六 上午9:34,1,濃湯,,50,0,0,0,0,0,0,0,2022/02/03,Saturday,09:34
a0uk-wpzy,Mr.RAMEN豚骨拉麵店 (嘉義店),1月24日 週三 下午6:21,1,北海道味噌拉麵,,160,0,0,0,0,0,0,0,2022/01/24,Wednesday,18:21
w9uz-z7ld,Heart Churros 哈啾吉拿甜心館,1月17日 週三 下午3:38,2,超值雙享餐，附贈冰茶一杯,"肉桂吉拿棒, 蜂蜜",500,0,0,0,0,0,0,0,2022/01/17,Wednesday,15:38
ygc4-ebpn,(文)豬心冬粉,1月5日 週五 下午8:50,1,豬心冬粉,,125,0,0,0,0,0,0,0,2022/01/05,Friday,20:50
ygc4-ebpn,(文)豬心冬粉,1月5日 週五 下午8:50,1,蝦仁飯【小】,,85,0,0,0,0,0,0,0,2022/01/05,Friday,20:50
ygc4-ebpn,(文)豬心冬粉,1月5日 週五 下午8:50,1,豬肝湯,,125,0,0,0,0,0,0,0,2022/01/05,Friday,20:50
ygc4-ebpn,(文)豬心冬粉,1月5日 週五 下午8:50,1,川燙麻油腰子,,155,0,0,0,0,0,0,0,2022/01/05,Friday,20:50
k8q7-yr2x,宏記鍋燒意麵,12月21日 週四 下午6:47,1,味增鍋燒意麵,,130,0,0,0,0,0,0,0,2021/12/21,Thursday,18:47
xr88-0lu6,CoCo都可 (松山壹號店),12月21日 週四 下午3:22,1,珍珠鮮奶茶,"無糖, 溫",80,0,0,0,0,0,0,0,2021/12/21,Thursday,15:22
xr88-0lu6,CoCo都可 (松山壹號店),12月21日 週四 下午3:22,1,芋頭QQ牛奶,去冰,105,0,0,0,0,0,0,0,2021/12/21,Thursday,15:22
xr88-0lu6,CoCo都可 (松山壹號店),12月21日 週四 下午3:22,2,手採紅茶,"3分糖, 溫",90,0,0,0,0,0,0,0,2021/12/21,Thursday,15:22
xr88-0lu6,CoCo都可 (松山壹號店),12月21日 週四 下午3:22,1,QQ奶茶,"5分糖, 熱",55,0,0,0,0,0,0,0,2021/12/21,Thursday,15:22
v0qc-pqv6,清心福全 (嘉義大雅店),12月21日 週四 下午12:49,1,桂圓茶,熱飲,45,0,0,0,0,0,0,0,2021/12/21,Thursday,12:49
r185-gjin,胖老爹美式炸雞 (永和智光店),12月17日 週日 下午3:28,1,4號餐(雞翅+雞塊+雞腿+小飲料),可口可樂350ml,195,0,0,0,0,0,0,0,2021/12/17,Sunday,15:28
r185-u5rc,胖老爹美式炸雞 (永和智光店),12月10日 週日 下午11:07,1,2號餐(雞塊+雞腿+小飲料),飛享茶檸檬紅茶,150,0,0,0,0,0,0,0,2021/12/10,Sunday,23:07
r185-u5rc,胖老爹美式炸雞 (永和智光店),12月10日 週日 下午11:07,1,雞腿,,70,0,0,0,0,0,0,0,2021/12/10,Sunday,23:07
a9of-h27x,小鮮雞鹹水雞 滷味,11月27日 週一 下午9:40,1,烟燻雞胸,"去骨, 不辣",85,0,0,0,0,0,0,0,2021/11/27,Monday,21:40
a9of-h27x,小鮮雞鹹水雞 滷味,11月27日 週一 下午9:40,1,雞肝,,28,0,0,0,0,0,0,0,2021/11/27,Monday,21:40
a9of-h27x,小鮮雞鹹水雞 滷味,11月27日 週一 下午9:40,1,豆干,,28,0,0,0,0,0,0,0,2021/11/27,Monday,21:40
a9of-h27x,小鮮雞鹹水雞 滷味,11月27日 週一 下午9:40,1,蘿蔔,,28,0,0,0,0,0,0,0,2021/11/27,Monday,21:40
a9of-h27x,小鮮雞鹹水雞 滷味,11月27日 週一 下午9:40,1,雞心,,28,0,0,0,0,0,0,0,2021/11/27,Monday,21:40
a9of-h27x,小鮮雞鹹水雞 滷味,11月27日 週一 下午9:40,1,花椰菜,,28,0,0,0,0,0,0,0,2021/11/27,Monday,21:40
a6kf-kgco,古早時代-現炒鴨肉羹．藥頭排骨,11月20日 週一 下午7:19,1,鴨肉羹麵,,75,0,0,0,0,0,0,0,2021/11/20,Monday,19:19
a6kf-kgco,古早時代-現炒鴨肉羹．藥頭排骨,11月20日 週一 下午7:19,1,炒青菜,,80,0,0,0,0,0,0,0,2021/11/20,Monday,19:19
a6kf-kgco,古早時代-現炒鴨肉羹．藥頭排骨,11月20日 週一 下午7:19,1,藥頭排骨,,110,0,0,0,0,0,0,0,2021/11/20,Monday,19:19
a6kf-kgco,古早時代-現炒鴨肉羹．藥頭排骨,11月20日 週一 下午7:19,1,魯肉飯,,50,0,0,0,0,0,0,0,2021/11/20,Monday,19:19
a6kf-kgco,古早時代-現炒鴨肉羹．藥頭排骨,11月20日 週一 下午7:19,1,椒鹽炸鴨心,,170,0,0,0,0,0,0,0,2021/11/20,Monday,19:19
ad7m-53yy,紅花麻辣鹽水雞 (永和樂華店),11月13日 週一 下午8:55,1,紅花鹽水雞腿【任選3款小菜及筍片】,"小黃瓜, 豆乾, 白蘿蔔, 不辣, 正常鹹, 蔥花, 酸菜, 蒜泥",245,0,0,0,0,0,0,0,2021/11/13,Monday,20:55
hllk-pe28,可不可熟成紅茶 (永和永安店),11月10日 週五 下午10:33,1,熟成檸果,"微冰, 一分糖",74,0,0,0,0,0,0,0,2021/11/10,Friday,22:33
hllk-pe28,可不可熟成紅茶 (永和永安店),11月10日 週五 下午10:33,1,柚果紅茶,"少冰, 無糖",64,0,0,0,0,0,0,0,2021/11/10,Friday,22:33
hllk-pe28,可不可熟成紅茶 (永和永安店),11月10日 週五 下午10:33,1,胭脂紅茶,"完全去冰, 半糖",48,0,0,0,0,0,0,0,2021/11/10,Friday,22:33
ad7m-zgmd,紅花麻辣鹽水雞 (永和樂華店),11月10日 週五 下午10:05,1,紅花鹽水雞腿【任選3款小菜及筍片】,"小黃瓜, 得獎豆皮, 高麗菜, 微辣, 微鹹, 蔥花, 酸菜, 蒜泥",245,0,0,0,0,0,0,0,2021/11/10,Friday,22:05
v0qc-5539,清心福全 (嘉義大雅店),11月1日 週三 下午2:58,1,蜂蜜檸檬,"推薦-微冰(30%), 推薦-半蜜【5分蜜】",60,0,0,0,0,0,0,0,2021/11/01,Wednesday,14:58
obrp-l05o,五桐號 WooTEA (永和樂華店),10月29日 週日 下午4:19,1,杏仁凍五桐茶 Wootea with Almond jelly,"大杯, 甜度固定, 固定冰量",65,0,0,0,0,0,0,0,2021/10/29,Sunday,16:19
obrp-l05o,五桐號 WooTEA (永和樂華店),10月29日 週日 下午4:19,1,一把青茶 Turquoise Tea,"大杯, 無糖-0%, 正常冰 - 100%",50,0,0,0,0,0,0,0,2021/10/29,Sunday,16:19
obrp-l05o,五桐號 WooTEA (永和樂華店),10月29日 週日 下午4:19,1,綠茶凍五桐茶拿鐵 Wootea & Jelly with Milk,"大杯, 微糖-30%, 熱",83,0,0,0,0,0,0,0,2021/10/29,Sunday,16:19
f5tv-vhle,麥味登（竹東長春店）,10月12日 週四 上午9:48,1,燻雞漢堡,加蛋,85,0,0,0,0,0,0,0,2021/10/12,Thursday,09:48
f5tv-vhle,麥味登（竹東長春店）,10月12日 週四 上午9:48,1,超厚牛肉起司乳酪堡,,100,0,0,0,0,0,0,0,2021/10/12,Thursday,09:48
f5tv-vhle,麥味登（竹東長春店）,10月12日 週四 上午9:48,1,巧達濃湯,,55,0,0,0,0,0,0,0,2021/10/12,Thursday,09:48
f5tv-vhle,麥味登（竹東長春店）,10月12日 週四 上午9:48,1,紅茶拿鐵【M】,冰,45,0,0,0,0,0,0,0,2021/10/12,Thursday,09:48
f5tv-vhle,麥味登（竹東長春店）,10月12日 週四 上午9:48,1,雞塊,,55,0,0,0,0,0,0,0,2021/10/12,Thursday,09:48
d8kd-o8rp,迷客夏 Milksha (新竹竹東店),10月9日 週一 下午12:57,2,原片初露青茶 Light Oolong,"無糖, 去冰, 珍珠 bubble",110,0,0,0,0,0,0,0,2021/10/09,Monday,12:57
qqgn-7k4d,上宇林頂級茶飲 (永和保平店),10月8日 週日 下午7:31,1,鐵觀音鮮奶茶,"去冰, 半糖, 加珍珠",80,0,0,0,0,0,0,0,2021/10/08,Sunday,19:31
qqgn-7k4d,上宇林頂級茶飲 (永和保平店),10月8日 週日 下午7:31,1,鼎極鮮奶茶,"去冰, 半糖",70,0,0,0,0,0,0,0,2021/10/08,Sunday,19:31
qqgn-7k4d,上宇林頂級茶飲 (永和保平店),10月8日 週日 下午7:31,1,紅龍鮮奶茶,"去冰, 半糖",70,0,0,0,0,0,0,0,2021/10/08,Sunday,19:31
kwyk-oez2,金正好吃 (永和永貞店),10月8日 週日 下午7:12,1,鮮蚵大腸麵線,,75,0,0,0,0,0,0,0,2021/10/08,Sunday,19:12
kwyk-oez2,金正好吃 (永和永貞店),10月8日 週日 下午7:12,2,正宗深坑臭豆腐,,160,0,0,0,0,0,0,0,2021/10/08,Sunday,19:12
kwyk-oez2,金正好吃 (永和永貞店),10月8日 週日 下午7:12,1,蚵仔煎,,90,0,0,0,0,0,0,0,2021/10/08,Sunday,19:12
kwyk-2gof,金正好吃 (永和永貞店),10月7日 週六 下午11:44,2,正宗深坑臭豆腐,,160,0,0,0,0,0,0,0,2021/10/07,Saturday,23:44
kwyk-2gof,金正好吃 (永和永貞店),10月7日 週六 下午11:44,1,蚵仔煎,,90,0,0,0,0,0,0,0,2021/10/07,Saturday,23:44
e0xv-fx3h,熊貓超市(中正店),10月1日 週日 下午7:04,2,【自然風】烤肉夾3入,,53,0,0,0,0,0,0,0,2021/10/01,Sunday,19:04
e0xv-fx3h,熊貓超市(中正店),10月1日 週日 下午7:04,1,【自然風】免洗筷 #666,,43,0,0,0,0,0,0,0,2021/10/01,Sunday,19:04
e0xv-fx3h,熊貓超市(中正店),10月1日 週日 下午7:04,1,250紙碗 15入,,32,0,0,0,0,0,0,0,2021/10/01,Sunday,19:04
e0xv-fx3h,熊貓超市(中正店),10月1日 週日 下午7:04,1,【HIKARI日光生活】燒烤盤(6入)/L831-L,,93,0,0,0,0,0,0,0,2021/10/01,Sunday,19:04
e0xv-fx3h,熊貓超市(中正店),10月1日 週日 下午7:04,2,可口可樂 330mlx6入,,238,0,0,0,0,0,0,0,2021/10/01,Sunday,19:04
ee5f-hjup,CoCo都可 (竹東東峰店),6月28日 週三 下午1:09,1,四季珍椰青,"無糖, 少(微)冰, 加椰果",65,0,0,0,0,0,0,0,2021/06/28,Wednesday,13:09
ee5f-hjup,CoCo都可 (竹東東峰店),6月28日 週三 下午1:09,1,檸檬冬瓜露,"正常糖, 少(微)冰, 加珍珠",60,0,0,0,0,0,0,0,2021/06/28,Wednesday,13:09
b2zy-zhcu,老店麵食館,6月27日 週二 下午1:37,1,粉腸,,55,0,0,0,0,0,0,0,2021/06/27,Tuesday,13:37
b2zy-zhcu,老店麵食館,6月27日 週二 下午1:37,1,皮蛋豆腐,,40,0,0,0,0,0,0,0,2021/06/27,Tuesday,13:37
b2zy-zhcu,老店麵食館,6月27日 週二 下午1:37,1,豆干,,10,0,0,0,0,0,0,0,2021/06/27,Tuesday,13:37
b2zy-zhcu,老店麵食館,6月27日 週二 下午1:37,1,海帶,,10,0,0,0,0,0,0,0,2021/06/27,Tuesday,13:37
b2zy-zhcu,老店麵食館,6月27日 週二 下午1:37,1,油豆腐,,15,0,0,0,0,0,0,0,2021/06/27,Tuesday,13:37
b2zy-zhcu,老店麵食館,6月27日 週二 下午1:37,1,豬頭肉,,55,0,0,0,0,0,0,0,2021/06/27,Tuesday,13:37
b2zy-zhcu,老店麵食館,6月27日 週二 下午1:37,1,燙青菜,,40,0,0,0,0,0,0,0,2021/06/27,Tuesday,13:37
b2zy-zhcu,老店麵食館,6月27日 週二 下午1:37,1,四神湯,,40,0,0,0,0,0,0,0,2021/06/27,Tuesday,13:37
b2zy-zhcu,老店麵食館,6月27日 週二 下午1:37,1,滷肉飯,,40,0,0,0,0,0,0,0,2021/06/27,Tuesday,13:37
ee5f-t73y,CoCo都可 (竹東東峰店),6月26日 週一 下午4:16,1,四季珍椰青,"5分糖, 少(微)冰, 加椰果",65,0,0,0,0,0,0,0,2021/06/26,Monday,16:16
ee5f-t73y,CoCo都可 (竹東東峰店),6月26日 週一 下午4:16,1,HPP楊枝甘露(優酪乳),"7分糖, 少(微)冰",100,0,0,0,0,0,0,0,2021/06/26,Monday,16:16
mroh-5457,蚵仔麵線、臭豆腐,6月25日 週日 下午11:34,1,蚵仔麵線【大】、臭豆腐,,140,0,0,0,0,0,0,0,2021/06/25,Sunday,23:34
v0po-j94e,東辣屋,4月11日 週二 上午2:01,1,麻辣鴨血豆腐煲,,150,0,0,0,0,0,0,0,2021/04/11,Tuesday,02:01
v0po-j94e,東辣屋,4月11日 週二 上午2:01,1,魯肉飯加蛋,,79,0,0,0,0,0,0,0,2021/04/11,Tuesday,02:01
ee5f-vte9,CoCo都可 (竹東東峰店),4月10日 週一 下午9:27,1,珍珠鮮奶茶,"3分糖, 熱",80,0,0,0,0,0,0,0,2021/04/10,Monday,21:27
ypjl-t3xq,茶湯會 (竹東長春店),4月4日 週二 下午5:05,1,小茉莉,"微糖, 微冰, 加波霸",50,0,0,0,0,0,0,0,2021/04/04,Tuesday,17:05
ypjl-t3xq,茶湯會 (竹東長春店),4月4日 週二 下午5:05,1,珍珠冬瓜觀音,"固定糖, 去冰, 我要珍珠",65,0,0,0,0,0,0,0,2021/04/04,Tuesday,17:05
ypjl-t3xq,茶湯會 (竹東長春店),4月4日 週二 下午5:05,1,鐵觀音奶茶,"微糖, 去冰, 加珍珠",70,0,0,0,0,0,0,0,2021/04/04,Tuesday,17:05
y5qb-z4cu,呈信傳統鵝肉店 (永和永貞店),4月3日 週一 下午12:55,1,鵝肉後腿,去骨,430,0,0,0,0,0,0,0,2021/04/03,Monday,12:55
y5qb-z4cu,呈信傳統鵝肉店 (永和永貞店),4月3日 週一 下午12:55,1,特盛鵝肉飯套餐,燙青菜,220,0,0,0,0,0,0,0,2021/04/03,Monday,12:55
y5qb-z4cu,呈信傳統鵝肉店 (永和永貞店),4月3日 週一 下午12:55,1,滷桂竹筍,,60,0,0,0,0,0,0,0,2021/04/03,Monday,12:55
w8mb-ql9m,樂華嘉味仙麻油雞腿庫飯 (新北永平店),4月2日 週日 下午10:43,1,麻油雙腰湯,,405,0,0,0,0,0,0,0,2021/04/02,Sunday,22:43
r185-425w,胖老爹美式炸雞 (永和智光店),4月2日 週日 下午10:55,1,2號餐(雞塊+雞腿+小飲料),可口可樂350ml,150,0,0,0,0,0,0,0,2020/04/02,Sunday,22:55
r185-425w,胖老爹美式炸雞 (永和智光店),4月2日 週日 下午10:55,1,2號餐(雞塊+雞腿+小飲料),雪碧350ml,150,0,0,0,0,0,0,0,2020/04/02,Sunday,22:55
k4hs-oje5,樂華蚵仔煎,2月9日 週四 下午10:52,3,蚵仔煎,,225,0,0,0,0,0,0,0,2020/02/09,Thursday,22:52
k4hs-oje5,樂華蚵仔煎,2月9日 週四 下午10:52,1,豬血湯,,35,0,0,0,0,0,0,0,2020/02/09,Thursday,22:52
e0lo-utch,胖老爹美式炸雞 (永和樂華店),2月8日 週三 下午11:18,1,【2號餐】,可樂小寶特瓶350ML,140,0,0,0,0,0,0,0,2020/02/08,Wednesday,23:18
a9rp-4u4q,清心福全 (永和宜安店),2月4日 週六 下午11:03,1,【隱藏版】珍珠蜂蜜鮮奶普洱,"常溫, 推薦-半蜜【5分蜜】",80,0,0,0,0,0,0,0,2020/02/04,Saturday,23:03
a9rp-4u4q,清心福全 (永和宜安店),2月4日 週六 下午11:03,1,鮮奶茶【紅茶拿鐵】,"常溫, 推薦-半糖【5分糖】",70,0,0,0,0,0,0,0,2020/02/04,Saturday,23:03
cbfo-1g9m,鶴茶樓 (中和永安店),2月3日 週五 下午1:44,1,鶴頂紅茶【濃口】,"微糖【30%】, 微冰【30%】, 蜜糖珍珠【嗜嚼系首選】",49,0,0,0,0,0,0,0,2020/02/03,Friday,13:44
cbfo-1g9m,鶴茶樓 (中和永安店),2月3日 週五 下午1:44,1,桂香烏龍那堤,"半糖【50%】, 溫飲 【warm】",56,0,0,0,0,0,0,0,2020/02/03,Friday,13:44
dc4k-czs6,再睡5分鐘 (新北樂華店),1月31日 週二 下午7:48,1,★日安紅珍珠歐蕾【濃茶】,"【M】, 去冰, 正常甜2/1.4",70,0,0,0,0,0,0,0,2020/01/31,Tuesday,19:48
dc4k-czs6,再睡5分鐘 (新北樂華店),1月31日 週二 下午7:48,1,本店每筆訂單酌收餐點包裝費2元,,0,0,0,0,0,0,0,0,2020/01/31,Tuesday,19:48
dc4k-czs6,再睡5分鐘 (新北樂華店),1月31日 週二 下午7:48,1,「爽爽喝厚奶蓋系列」不提供吸管,,0,0,0,0,0,0,0,0,2020/01/31,Tuesday,19:48
f0ps-kd9q,麻將麻辣臭豆腐 (竹東店),1月28日 週六 下午9:10,1,臭豆腐+鴨血,微辣,135,0,0,0,0,0,0,0,2020/01/28,Saturday,21:10
b1ls-5xxg,享食麵店老街,1月19日 週四 下午8:07,1,滷雞飯,,50,0,0,0,0,0,0,0,2020/01/19,Thursday,20:07
b1ls-5xxg,享食麵店老街,1月19日 週四 下午8:07,1,骨仔肉湯,,60,0,0,0,0,0,0,0,2020/01/19,Thursday,20:07
b1ls-5xxg,享食麵店老街,1月19日 週四 下午8:07,1,海帶【1片】,,10,0,0,0,0,0,0,0,2020/01/19,Thursday,20:07
b1ls-5xxg,享食麵店老街,1月19日 週四 下午8:07,1,豬頭肉,你將收到關於此商品的退款。,60,0,0,0,0,0,0,0,2020/01/19,Thursday,20:07
b1ls-5xxg,享食麵店老街,1月19日 週四 下午8:07,1,紅油抄手,,60,0,0,0,0,0,0,0,2020/01/19,Thursday,20:07
b1ls-5xxg,享食麵店老街,1月19日 週四 下午8:07,1,粉腸,,60,0,0,0,0,0,0,0,2020/01/19,Thursday,20:07
b1ls-5xxg,享食麵店老街,1月19日 週四 下午8:07,1,餛飩湯,,60,0,0,0,0,0,0,0,2020/01/19,Thursday,20:07
b1ls-5xxg,享食麵店老街,1月19日 週四 下午8:07,1,燙青菜,,40,0,0,0,0,0,0,0,2020/01/19,Thursday,20:07
d9ik-j6l4,胖老爹美式炸雞 (竹東長春店),1月17日 週二 下午8:05,1,雞腿,,65,0,0,0,0,0,0,0,2020/01/17,Tuesday,20:05
d9ik-j6l4,胖老爹美式炸雞 (竹東長春店),1月17日 週二 下午8:05,1,【2號餐】,可樂小寶特瓶350ML,140,0,0,0,0,0,0,0,2020/01/17,Tuesday,20:05
r185-2s1p,胖老爹美式炸雞 (永和智光店),9月15日 週四 下午6:07,1,2號餐,可樂小寶特瓶350ML,140,0,0,0,0,0,0,0,2019/09/15,Thursday,18:07
ds94-e5tp,大大燒烤 (寧夏夜市031號),9月13日 週二 下午8:56,1,超大支雞心串,,150,0,0,0,0,0,0,0,2019/09/13,Tuesday,20:56
ds94-e5tp,大大燒烤 (寧夏夜市031號),9月13日 週二 下午8:56,1,超大支雞肉串,,150,0,0,0,0,0,0,0,2019/09/13,Tuesday,20:56
ds94-e5tp,大大燒烤 (寧夏夜市031號),9月13日 週二 下午8:56,1,超大支牛肉串,,150,0,0,0,0,0,0,0,2019/09/13,Tuesday,20:56
ds94-e5tp,大大燒烤 (寧夏夜市031號),9月13日 週二 下午8:56,1,超大支羊肉串,,150,0,0,0,0,0,0,0,2019/09/13,Tuesday,20:56
y5qb-y72l,呈信傳統鵝肉店 (永和永貞店),9月12日 週一 下午8:23,1,鵝肉飯套餐,丸子湯,190,0,0,0,0,0,0,0,2019/09/12,Monday,20:23
y5qb-y72l,呈信傳統鵝肉店 (永和永貞店),9月12日 週一 下午8:23,1,燙青菜,,50,0,0,0,0,0,0,0,2019/09/12,Monday,20:23
k4hs-bqiy,樂華蚵仔煎,9月11日 週日 下午6:19,1,豬血湯,,35,0,0,0,0,0,0,0,2019/09/11,Sunday,18:19
k4hs-bqiy,樂華蚵仔煎,9月11日 週日 下午6:19,2,蚵仔煎,,150,0,0,0,0,0,0,0,2019/09/11,Sunday,18:19
e0lo-gfs5,胖老爹美式炸雞 (永和樂華店),9月8日 週四 上午12:47,1,【2號餐】,雪碧小寶特瓶350ML,140,0,0,0,0,0,0,0,2019/09/08,Thursday,00:47
j4iq-r9u9,萬華莊家班麻油雞 (永和中正店),2月21日 週一 下午9:26,1,麻油綜合,,230,0,0,0,0,0,0,0,2019/02/21,Monday,21:26
g3lt-fm8s,麥當勞 (S85 永和中正店),2月21日 週一 下午6:37,1,套餐-大麥克 Big Mac Meal,"6塊鷄塊+中薯 6pcs Chicken McNuggets + Fries (M), 可口可樂 (中) coca cola (m), 糖醋醬包 sweet sour sauce, 無需加價購 no addon, thanks",199,0,0,0,0,0,0,0,2019/02/21,Monday,18:37
x6ry-ye2k,拿坡里 (新北新莊店 8161),2月20日 週日 下午8:57,1,義式炸雞雙享餐,"包材, 6塊原味炸雞, 6塊烤雞, 蘋果蘇打【1250ml】, 可樂【1250ml】",670,0,0,0,0,0,0,0,2019/02/20,Sunday,20:57
r185-5hmu,胖老爹美式炸雞 (永和智光店),2月14日 週一 下午3:56,2,2號餐,可樂小寶特瓶350ML,260,0,0,0,0,0,0,0,2019/02/14,Monday,15:56
r185-4xbo,胖老爹美式炸雞 (永和智光店),2月11日 週五 下午6:04,1,2號餐,可樂小寶特瓶350ML,130,0,0,0,0,0,0,0,2019/02/11,Friday,18:04
g3lt-vc5m,麥當勞 (S85 永和中正店),2月7日 週一 下午7:39,1,套餐-雙層牛肉吉事堡 Double Cheeseburger Meal,"6塊鷄塊+中薯 6pcs Chicken McNuggets + Fries (M), 玉米湯 (小) corn soup (s), 加購原味麥脆鷄腿(大腿或棒腿) addon mccrispy original, 糖醋醬包 sweet sour sauce",251,0,0,0,0,0,0,0,2019/02/07,Monday,19:39
e0lo-y75y,胖老爹美式炸雞 (永和樂華店),8月5日 週四 下午12:31,1,2號餐【雞塊、雞腿、飲料】,雪碧,115,0,0,0,0,0,0,0,2018/08/05,Thursday,12:31
qvbh-vs1l,IKKI深夜食堂,8月2日 週一 下午10:19,1,綜合串燒,,433,0,0,0,0,0,0,0,2018/08/02,Monday,22:19
qvbh-vs1l,IKKI深夜食堂,8月2日 週一 下午10:19,1,肋眼牛排,,167,0,0,0,0,0,0,0,2018/08/02,Monday,22:19
l7ec-ax2g,定食8 (南門店),8月2日 週一 下午12:26,1,炸蝦&和風烤嫩雞,,180,0,0,0,0,0,0,0,2018/08/02,Monday,12:26
z0mi-r0od,CoCo 壹番屋咖哩 (台北漢口店)-inactive,8月1日 週日 下午1:33,1,海鮮菠菜咖哩飯,"甘口【不辣】, 300g【標準】",370,0,0,0,0,0,0,0,2018/08/01,Sunday,13:33
v0lu-u1gv,100g減碳餐盒,7月31日 週六 下午8:40,1,嫩煎舒肥板腱牛 Pen-Fried Marbled Beef Bento,,205,0,0,0,0,0,0,0,2018/07/31,Saturday,20:40
g3lt-ucun,麥當勞 (S85 永和中正店),7月31日 週六 上午11:56,1,套餐-大麥克 Big Mac Meal,"無需加價購 No addon, Thanks, 可口可樂 (中) coca cola (m), 薯條 (中) fries (m)",135,0,0,0,0,0,0,0,2018/07/31,Saturday,11:56
g3lt-ucun,麥當勞 (S85 永和中正店),7月31日 週六 上午11:56,1,套餐-麥香魚 Filet-O-Fish Meal,"原味麥脆鷄腿(大腿或棒腿) McCrispy Original, 玉米湯 (小) corn soup (s), 無需加價購 no addon, thanks, 不要醬包 no sauce",128,0,0,0,0,0,0,0,2018/07/31,Saturday,11:56
g3lt-ucun,麥當勞 (S85 永和中正店),7月31日 週六 上午11:56,1,套餐-麥克鷄塊(6塊) 6pcs McNuggets Meal,"薯條 (中) Fries (M), 玉米湯 (小) corn soup (s), 糖醋醬包 sweet sour sauce, 糖醋醬包 sweet sour sauce, 無需加價購 no addon, thanks",119,0,0,0,0,0,0,0,2018/07/31,Saturday,11:56
qvbh-5iyf,IKKI深夜食堂,7月30日 週五 下午8:06,1,綜合串燒,,433,0,0,0,0,0,0,0,2018/07/30,Friday,20:06
qvbh-5iyf,IKKI深夜食堂,7月30日 週五 下午8:06,1,蛤蜊湯,,78,0,0,0,0,0,0,0,2018/07/30,Friday,20:06
a5qe-47bi,雞鳴而起-原文化路麻油雞,7月28日 週三 下午7:51,1,補腎腰子湯,四物湯,160,0,0,0,0,0,0,0,2018/07/28,Wednesday,19:51
a5qe-47bi,雞鳴而起-原文化路麻油雞,7月28日 週三 下午7:51,1,不平凡燙青菜,,50,0,0,0,0,0,0,0,2018/07/28,Wednesday,19:51
oa99-5c55,燒肉眾精緻炭火燒肉 (雙和板南店),7月27日 週二 下午8:37,1,元組炙燒牛肉日式御便當【獨家餐點】,,190,0,0,0,0,0,0,0,2018/07/27,Tuesday,20:37
y5qb-ydqz,呈信傳統鵝肉店 (永和永貞店),7月25日 週日 下午6:38,1,鵝肉冬粉套餐,桂竹筍,170,0,0,0,0,0,0,0,2018/07/25,Sunday,18:38
y5qb-ydqz,呈信傳統鵝肉店 (永和永貞店),7月25日 週日 下午6:38,1,鵝肉飯套餐,血糕湯,170,0,0,0,0,0,0,0,2018/07/25,Sunday,18:38
y5qb-ydqz,呈信傳統鵝肉店 (永和永貞店),7月25日 週日 下午6:38,1,燙青菜,,50,0,0,0,0,0,0,0,2018/07/25,Sunday,18:38
y5qb-ydqz,呈信傳統鵝肉店 (永和永貞店),7月25日 週日 下午6:38,1,鹹水鵝爪,,100,0,0,0,0,0,0,0,2018/07/25,Sunday,18:38
g3lt-uyba,麥當勞 (S85 永和中正店),7月25日 週日 下午12:28,1,套餐-大麥克 Big Mac Meal,"薯條 (中) Fries (M), 可口可樂 (中) coca cola (m), 不要醬包 no sauce, 無需加價購 no addon, thanks",135,0,0,0,0,0,0,0,2018/07/25,Sunday,12:28
g3lt-uyba,麥當勞 (S85 永和中正店),7月25日 週日 下午12:28,1,套餐-麥克鷄塊(6塊) 6pcs McNuggets Meal,"薯條 (中) Fries (M), 玉米湯 (小) corn soup (s), 無需加價購 no addon, thanks, 糖醋醬包 sweet sour sauce, 糖醋醬包 sweet sour sauce",119,0,0,0,0,0,0,0,2018/07/25,Sunday,12:28
g3lt-uyba,麥當勞 (S85 永和中正店),7月25日 週日 下午12:28,1,套餐-麥克鷄塊(6塊) 6pcs McNuggets Meal,"原味麥脆鷄腿(大腿或棒腿) McCrispy Original, 無需加價購 no addon, thanks, 糖醋醬包 sweet sour sauce, 糖醋醬包 sweet sour sauce, 玉米湯 (小) corn soup (s)",132,0,0,0,0,0,0,0,2018/07/25,Sunday,12:28
qvbh-bsuj,IKKI深夜食堂,7月24日 週六 下午10:33,1,綜合串燒,,433,0,0,0,0,0,0,0,2018/07/24,Saturday,22:33
qvbh-xa83,IKKI深夜食堂,7月22日 週四 下午11:26,1,綜合串燒,,433,0,0,0,0,0,0,0,2018/07/22,Thursday,23:26
qvbh-xa83,IKKI深夜食堂,7月22日 週四 下午11:26,1,時蔬【水蓮】,,144,0,0,0,0,0,0,0,2018/07/22,Thursday,23:26
y7yj-jg76,Burger King 漢堡王 (新北永和店),7月22日 週四 下午3:57,1,華堡套餐,(M)百事可樂,185,0,0,0,0,0,0,0,2018/07/22,Thursday,15:57
e0lo-sutf,胖老爹美式炸雞 (永和樂華店),7月21日 週三 下午8:57,1,5號全家餐【雞翅3支、雞塊3塊、雞腿2支】,,339,0,0,0,0,0,0,0,2018/07/21,Wednesday,20:57
e0lo-osdu,胖老爹美式炸雞 (永和樂華店),7月17日 週六 下午9:49,1,2號餐【雞塊、雞腿、飲料】,雪碧,115,0,0,0,0,0,0,0,2018/07/17,Saturday,21:49
b5dl-f0pp,冬冬小吃,7月17日 週六 下午2:51,1,燙青菜,,40,0,0,0,0,0,0,0,2018/07/17,Saturday,14:51
b5dl-f0pp,冬冬小吃,7月17日 週六 下午2:51,1,豆干,,30,0,0,0,0,0,0,0,2018/07/17,Saturday,14:51
b5dl-f0pp,冬冬小吃,7月17日 週六 下午2:51,1,涼拌小黃瓜,,40,0,0,0,0,0,0,0,2018/07/17,Saturday,14:51
b5dl-f0pp,冬冬小吃,7月17日 週六 下午2:51,1,皮蛋豆腐,,40,0,0,0,0,0,0,0,2018/07/17,Saturday,14:51
b5dl-f0pp,冬冬小吃,7月17日 週六 下午2:51,1,泡菜,,40,0,0,0,0,0,0,0,2018/07/17,Saturday,14:51
e0lo-1eka,胖老爹美式炸雞 (永和樂華店),7月16日 週五 下午1:18,1,2號餐【雞塊、雞腿、飲料】,可樂,115,0,0,0,0,0,0,0,2018/07/16,Friday,13:18
f8ak-ythb,極燒骰子牛,7月13日 週二 下午10:47,1,骰子牛【中份 | 165克】,玫瑰鹽,205,0,0,0,0,0,0,0,2018/07/13,Tuesday,22:47
e6cp-hh5d,熊貓超市(中和店),7月11日 週日 下午11:38,1,統一飲冰室茶集-烏龍奶茶 400ml,,26,0,0,0,0,0,0,0,2018/07/11,Sunday,23:38
e6cp-hh5d,熊貓超市(中和店),7月11日 週日 下午11:38,1,統一飲冰室茶集-紅奶茶 400ml,,26,0,0,0,0,0,0,0,2018/07/11,Sunday,23:38
e6cp-hh5d,熊貓超市(中和店),7月11日 週日 下午11:38,1,統一飲冰室茶集-綠奶茶 400ml,,26,0,0,0,0,0,0,0,2018/07/11,Sunday,23:38
e6cp-hh5d,熊貓超市(中和店),7月11日 週日 下午11:38,1,雪碧汽水 330ml,,16,0,0,0,0,0,0,0,2018/07/11,Sunday,23:38
e6cp-hh5d,熊貓超市(中和店),7月11日 週日 下午11:38,1,黑松沙士 330ml,,17,0,0,0,0,0,0,0,2018/07/11,Sunday,23:38
e6cp-hh5d,熊貓超市(中和店),7月11日 週日 下午11:38,1,蘋果西打330ml,,20,0,0,0,0,0,0,0,2018/07/11,Sunday,23:38
e6cp-hh5d,熊貓超市(中和店),7月11日 週日 下午11:38,1,可口可樂 330ml,,16,0,0,0,0,0,0,0,2018/07/11,Sunday,23:38
e6cp-hh5d,熊貓超市(中和店),7月11日 週日 下午11:38,1,麥香阿薩姆紅茶975ml,,34,0,0,0,0,0,0,0,2018/07/11,Sunday,23:38
f9qc-729h,菜更香蒙古烤肉 (新北樂華店),7月11日 週日 下午7:53,1,菜更香蒙古烤肉,"牛肉, 高麗菜, 洋蔥, 小白菜, 豆干, 小黃瓜, 油麵, 不辣, 九層塔, 蔥花",180,0,0,0,0,0,0,0,2018/07/11,Sunday,19:53
f9qc-729h,菜更香蒙古烤肉 (新北樂華店),7月11日 週日 下午7:53,1,香煎雞腿排,,80,0,0,0,0,0,0,0,2018/07/11,Sunday,19:53
p8ss-4ww0,泰福泰式料理 (新北永和店),7月11日 週日 下午1:00,1,綠咖哩牛,,200,0,0,0,0,0,0,0,2018/07/11,Sunday,13:00
p8ss-4ww0,泰福泰式料理 (新北永和店),7月11日 週日 下午1:00,1,白飯,,25,0,0,0,0,0,0,0,2018/07/11,Sunday,13:00
p8ss-4ww0,泰福泰式料理 (新北永和店),7月11日 週日 下午1:00,1,蝦仁炒飯,,125,0,0,0,0,0,0,0,2018/07/11,Sunday,13:00
z9cn-sze5,清心福全 (永和得和店),7月10日 週六 下午9:30,1,錫蘭奶紅,"半糖【5分】, 去冰",50,0,0,0,0,0,0,0,2018/07/10,Saturday,21:30
z9cn-sze5,清心福全 (永和得和店),7月10日 週六 下午9:30,1,蜂蜜奶茶,"常溫, 半糖【5分】",60,0,0,0,0,0,0,0,2018/07/10,Saturday,21:30
ai4y-lnu4,珍煮丹 (永和竹林店),7月8日 週四 下午7:34,1,葡柚翡翠,"去冰【仍有些許冰塊】, 微糖",58,0,0,0,0,0,0,0,2018/07/08,Thursday,19:34
ai4y-lnu4,珍煮丹 (永和竹林店),7月8日 週四 下午7:34,1,姍姍紅茶拿鐵,"半糖, 常溫【即冷藏溫度】",75,0,0,0,0,0,0,0,2018/07/08,Thursday,19:34
e0lo-22so,胖老爹美式炸雞 (永和樂華店),7月8日 週四 下午12:32,1,2號餐【雞塊、雞腿、飲料】,雪碧,115,0,0,0,0,0,0,0,2018/07/08,Thursday,12:32
e0lo-22so,胖老爹美式炸雞 (永和樂華店),7月8日 週四 下午12:32,1,雞腿,,55,0,0,0,0,0,0,0,2018/07/08,Thursday,12:32
a4lt-41ri,尚青炒飯炒麵熱炒店,7月7日 週三 下午7:47,1,炒海瓜子,,150,0,0,0,0,0,0,0,2018/07/07,Wednesday,19:47
a4lt-41ri,尚青炒飯炒麵熱炒店,7月7日 週三 下午7:47,1,蔥爆牛肉,,150,0,0,0,0,0,0,0,2018/07/07,Wednesday,19:47
a4lt-41ri,尚青炒飯炒麵熱炒店,7月7日 週三 下午7:47,1,鹽酥蝦,,150,0,0,0,0,0,0,0,2018/07/07,Wednesday,19:47
y7t2-0ebf,咖哩職人餐坊,7月6日 週二 下午6:16,1,南洋椰香咖哩雞飯,,110,0,0,0,0,0,0,0,2018/07/06,Tuesday,18:16
y7t2-0ebf,咖哩職人餐坊,7月6日 週二 下午6:16,1,匈牙利牛肉飯,,150,0,0,0,0,0,0,0,2018/07/06,Tuesday,18:16
e0lo-wo7m,胖老爹美式炸雞 (永和樂華店),7月6日 週二 下午1:50,1,2號餐【雞塊、雞腿、飲料】,可樂,115,0,0,0,0,0,0,0,2018/07/06,Tuesday,13:50
y5qb-vjom,呈信傳統鵝肉店 (永和永貞店),7月5日 週一 下午7:22,1,個人套餐,,170,0,0,0,0,0,0,0,2018/07/05,Monday,19:22
y5qb-vjom,呈信傳統鵝肉店 (永和永貞店),7月5日 週一 下午7:22,1,鵝肝,,60,0,0,0,0,0,0,0,2018/07/05,Monday,19:22
y4sv-tsdk,勳.牛肉麵,7月3日 週六 下午6:18,2,清燉牛肉麵,拉麵,320,0,0,0,0,0,0,0,2018/07/03,Saturday,18:18
y4sv-tsdk,勳.牛肉麵,7月3日 週六 下午6:18,1,清燉牛肉麵,刀削麵,160,0,0,0,0,0,0,0,2018/07/03,Saturday,18:18
y4sv-tsdk,勳.牛肉麵,7月3日 週六 下午6:18,1,豆干,,40,0,0,0,0,0,0,0,2018/07/03,Saturday,18:18
y4sv-tsdk,勳.牛肉麵,7月3日 週六 下午6:18,1,海帶,,40,0,0,0,0,0,0,0,2018/07/03,Saturday,18:18
y4sv-tsdk,勳.牛肉麵,7月3日 週六 下午6:18,1,豆皮,,40,0,0,0,0,0,0,0,2018/07/03,Saturday,18:18
y4sv-tsdk,勳.牛肉麵,7月3日 週六 下午6:18,1,滷蛋,,16,0,0,0,0,0,0,0,2018/07/03,Saturday,18:18
b7xq-enma,搖滾披薩Pizza Rock (新北永和店),7月3日 週六 下午12:17,1,四種起司披薩【8吋】,,239,0,0,0,0,0,0,0,2018/07/03,Saturday,12:17
b7xq-enma,搖滾披薩Pizza Rock (新北永和店),7月3日 週六 下午12:17,1,海鮮披薩【8吋】,,269,0,0,0,0,0,0,0,2018/07/03,Saturday,12:17
e0lo-1ryn,胖老爹美式炸雞 (永和樂華店),7月2日 週五 下午4:08,1,2號餐【雞塊、雞腿、飲料】,可樂,115,0,0,0,0,0,0,0,2018/07/02,Friday,16:08
q6ff-jz0a,水蛙上海小吃,7月1日 週四 下午11:20,1,胡椒蝦,,500,0,0,0,0,0,0,0,2018/07/01,Thursday,23:20
q6ff-jz0a,水蛙上海小吃,7月1日 週四 下午11:20,1,炒高麗菜,,100,0,0,0,0,0,0,0,2018/07/01,Thursday,23:20
b9su-477a,三顧茅廬 (中和秀朗店) inactive,7月1日 週四 下午11:00,1,麻辣湯套餐(微辣),"行運綜合蔬菜組, 精選菇類(不得指定品項), 鴨血, 王子麵, 大陸妹, 秘滷牛肚, 麻辣鴨血, 大豆皮, 生豆包, 美白菇",370,0,0,0,0,0,0,0,2018/07/01,Thursday,23:00
e6cp-vzsz,熊貓超市(中和店),6月29日 週二 下午9:34,1,立頓原味奶茶 400ml,,23,0,0,0,0,0,0,0,2018/06/29,Tuesday,21:34
e6cp-vzsz,熊貓超市(中和店),6月29日 週二 下午9:34,1,立頓茶歐蕾 400ml,,33,0,0,0,0,0,0,0,2018/06/29,Tuesday,21:34
e6cp-vzsz,熊貓超市(中和店),6月29日 週二 下午9:34,1,蘋果西打 600ml,,29,0,0,0,0,0,0,0,2018/06/29,Tuesday,21:34
e6cp-vzsz,熊貓超市(中和店),6月29日 週二 下午9:34,1,雪碧汽水 330ml,,16,0,0,0,0,0,0,0,2018/06/29,Tuesday,21:34
e6cp-vzsz,熊貓超市(中和店),6月29日 週二 下午9:34,1,可口可樂 330ml,,16,0,0,0,0,0,0,0,2018/06/29,Tuesday,21:34
e6cp-vzsz,熊貓超市(中和店),6月29日 週二 下午9:34,1,微氣泡葡萄口味果汁飲料 320ml,,15,0,0,0,0,0,0,0,2018/06/29,Tuesday,21:34
e6cp-vzsz,熊貓超市(中和店),6月29日 週二 下午9:34,1,阿薩姆慢火奶茶PET500ml,,27,0,0,0,0,0,0,0,2018/06/29,Tuesday,21:34
e6cp-vzsz,熊貓超市(中和店),6月29日 週二 下午9:34,1,黑松沙士 330ml,,15,0,0,0,0,0,0,0,2018/06/29,Tuesday,21:34
ufoo-j7ek,福隆月台便當 (永和福和店),6月29日 週二 下午7:47,1,全瘦肉便當、味噌紫菜蛋花貢丸湯,,95,0,0,0,0,0,0,0,2018/06/29,Tuesday,19:47
ufoo-j7ek,福隆月台便當 (永和福和店),6月29日 週二 下午7:47,1,福隆、全瘦肉便當、味噌紫菜蛋花貢丸湯,,125,0,0,0,0,0,0,0,2018/06/29,Tuesday,19:47
e0lo-wnie,胖老爹美式炸雞 (永和樂華店),6月28日 週一 下午3:48,1,2號餐【雞塊、雞腿、飲料】,可樂,115,0,0,0,0,0,0,0,2018/06/28,Monday,15:48
kz2c-ub5p,金正好吃 (中和宜安店),6月26日 週六 下午8:13,1,正宗深坑臭豆腐【大】,,75,0,0,0,0,0,0,0,2018/06/26,Saturday,20:13
kz2c-ub5p,金正好吃 (中和宜安店),6月26日 週六 下午8:13,1,正宗深坑臭豆腐,,60,0,0,0,0,0,0,0,2018/06/26,Saturday,20:13
ai4y-h0mu,珍煮丹 (永和竹林店),6月26日 週六 下午6:00,1,琥珀烏龍拿鐵,"半糖, 常溫【即冷藏溫度】, 黑糖珍珠【每份】總糖量25公克．總熱量269大卡",85,0,0,0,0,0,0,0,2018/06/26,Saturday,18:00
ai4y-h0mu,珍煮丹 (永和竹林店),6月26日 週六 下午6:00,1,姍姍紅茶拿鐵,"半糖, 常溫【即冷藏溫度】, 黑糖珍珠【每份】總糖量25公克．總熱量269大卡",85,0,0,0,0,0,0,0,2018/06/26,Saturday,18:00
g3lt-ax4j,麥當勞 (S85 永和中正店),6月26日 週六 下午12:01,1,套餐-大麥克 Big Mac Meal,"薯條 (中) Fries (M), 可口可樂 (中) coca cola (m), 無需加價購 no addon, thanks",135,0,0,0,0,0,0,0,2018/06/26,Saturday,12:01
g3lt-ax4j,麥當勞 (S85 永和中正店),6月26日 週六 下午12:01,1,套餐-麥克鷄塊(6塊) 6pcs McNuggets Meal,"薯條 (中) Fries (M), 玉米湯 (小) corn soup (s), 無需加價購 no addon, thanks, 糖醋醬包 sweet sour sauce",119,0,0,0,0,0,0,0,2018/06/26,Saturday,12:01
m2ok-kp34,滝禾製麵所日式拉麵 (永和安樂店),6月23日 週三 下午2:33,1,清香黑蒜拉麵,"九州細麵【正常】, 肋眼叉燒",180,0,0,0,0,0,0,0,2018/06/23,Wednesday,14:33
b7mi-f4xv,中和米粉湯,6月23日 週三 上午1:03,1,蚵仔煎,,75,0,0,0,0,0,0,0,2018/06/23,Wednesday,01:03
b7mi-f4xv,中和米粉湯,6月23日 週三 上午1:03,1,燙青菜,,40,0,0,0,0,0,0,0,2018/06/23,Wednesday,01:03
e0lo-1zsj,胖老爹美式炸雞 (永和樂華店),6月22日 週二 下午3:16,1,2號餐【雞塊、雞腿、飲料】,可樂,115,0,0,0,0,0,0,0,2018/06/22,Tuesday,15:16
y4tk-n5uu,海力士 (永和永貞店),6月21日 週一 下午9:34,1,鮭魚親子丼,,280,0,0,0,0,0,0,0,2018/06/21,Monday,21:34
v8am-fenn,統一超商(復美店),6月21日 週一 上午12:14,1,熱銷商品 | 可口可樂PET. | 600ml #24152334,,29,0,0,0,0,0,0,0,2018/06/21,Monday,00:14
v8am-fenn,統一超商(復美店),6月21日 週一 上午12:14,1,熱銷商品 | 黑松沙士PET | 600ml #24152662,,29,0,0,0,0,0,0,0,2018/06/21,Monday,00:14
v8am-fenn,統一超商(復美店),6月21日 週一 上午12:14,1,雪碧汽水PET | 600ml #24153737,,29,0,0,0,0,0,0,0,2018/06/21,Monday,00:14
v8am-fenn,統一超商(復美店),6月21日 週一 上午12:14,1,光泉午后時光重乳奶茶 | 400ml #24155045,,35,0,0,0,0,0,0,0,2018/06/21,Monday,00:14
v8am-fenn,統一超商(復美店),6月21日 週一 上午12:14,1,麥香阿薩姆紅茶PET | 600ml #24141529,,25,0,0,0,0,0,0,0,2018/06/21,Monday,00:14
v8am-fenn,統一超商(復美店),6月21日 週一 上午12:14,1,飲冰室茶集綠奶茶(盒) | 400ml #24153294,,25,0,0,0,0,0,0,0,2018/06/21,Monday,00:14
v8am-fenn,統一超商(復美店),6月21日 週一 上午12:14,1,果漾蘋果風味蘇打飲料PET | 560ml #24153966,,29,0,0,0,0,0,0,0,2018/06/21,Monday,00:14
i1gr-3dl3,Blue磚塊廚房義大利麵,6月20日 週日 下午8:24,1,B7. 香辣深海墨魚燉飯,套餐1【主廚例湯、沙拉】,269,0,0,0,0,0,0,0,2018/06/20,Sunday,20:24
i1gr-3dl3,Blue磚塊廚房義大利麵,6月20日 週日 下午8:24,1,B2. 奶油野菇雞肉燉飯,,150,0,0,0,0,0,0,0,2018/06/20,Sunday,20:24
i1gr-3dl3,Blue磚塊廚房義大利麵,6月20日 週日 下午8:24,1,A2. 清炒白酒蛤蜊細扁麵,,150,0,0,0,0,0,0,0,2018/06/20,Sunday,20:24
g3lt-jjni,麥當勞 (S85 永和中正店),6月20日 週日 下午12:42,1,套餐-麥克鷄塊(6塊) 6pcs McNuggets Meal,"薯條 (中) Fries (M), 玉米湯 (大) corn soup (l), 無需加價購 no addon, thanks, 糖醋醬包 sweet sour sauce",138,0,0,0,0,0,0,0,2018/06/20,Sunday,12:42
g3lt-jjni,麥當勞 (S85 永和中正店),6月20日 週日 下午12:42,1,套餐-雙層牛肉吉事堡 Double Cheeseburger Meal,"薯條 (中) Fries (M), 玉米湯 (小) corn soup (s), 無需加價購 no addon, thanks, 不要醬包 no sauce",125,0,0,0,0,0,0,0,2018/06/20,Sunday,12:42
g3lt-jjni,麥當勞 (S85 永和中正店),6月20日 週日 下午12:42,1,套餐-大麥克 Big Mac Meal,"薯條 (中) Fries (M), 無需加價購 no addon, thanks, 玉米湯 (小) corn soup (s), 不要醬包 no sauce",135,0,0,0,0,0,0,0,2018/06/20,Sunday,12:42
bg9j-m6ue,麻古茶坊 (永和福和店) inactive,6月19日 週六 下午8:19,1,楊枝甘露2.0,,90,0,0,0,0,0,0,0,2018/06/19,Saturday,20:19
bg9j-m6ue,麻古茶坊 (永和福和店) inactive,6月19日 週六 下午8:19,1,葡萄柚果粒茶,"一分糖, 去冰, 加一顆梅子, 加椰果",110,0,0,0,0,0,0,0,2018/06/19,Saturday,20:19
bg9j-m6ue,麻古茶坊 (永和福和店) inactive,6月19日 週六 下午8:19,1,錫蘭奶茶,"半糖, 微冰",60,0,0,0,0,0,0,0,2018/06/19,Saturday,20:19
y8hj-isqb,茶湯會 (中和新生店),6月17日 週四 下午8:35,1,包種清茶,"去冰, 微糖",35,0,0,0,0,0,0,0,2018/06/17,Thursday,20:35
y8hj-isqb,茶湯會 (中和新生店),6月17日 週四 下午8:35,1,觀音珍珠拿鐵,"微冰, 半糖",65,0,0,0,0,0,0,0,2018/06/17,Thursday,20:35
vq33-920b,Go Lean 健康餐盒 X JK廚房 (Just Kitchen 中和店),6月17日 週四 下午5:22,1,舒肥雞腿健康餐盒,,225,0,0,0,0,0,0,0,2018/06/17,Thursday,17:22
z9de-pua2,欲罷不能鹹水雞 (永和文化店),6月15日 週二 下午7:34,1,套餐A,"小黃瓜, 玉米筍, 豆干, 龍鬚菜, 苦瓜",240,0,0,0,0,0,0,0,2018/06/15,Tuesday,19:34
f1yt-r0bo,白色廚房White Restaurant,6月15日 週二 下午2:47,1,西班牙海鮮燉飯,,300,0,0,0,0,0,0,0,2018/06/15,Tuesday,14:47
b7mi-tajm,中和米粉湯,6月14日 週一 下午9:37,1,蛋花湯,,30,0,0,0,0,0,0,0,2018/06/14,Monday,21:37
b7mi-tajm,中和米粉湯,6月14日 週一 下午9:37,1,綜合煎,,75,0,0,0,0,0,0,0,2018/06/14,Monday,21:37
b7mi-tajm,中和米粉湯,6月14日 週一 下午9:37,1,燙青菜,,40,0,0,0,0,0,0,0,2018/06/14,Monday,21:37
b7mi-tajm,中和米粉湯,6月14日 週一 下午9:37,1,荷包蛋【半熟】,,10,0,0,0,0,0,0,0,2018/06/14,Monday,21:37
b7mi-tajm,中和米粉湯,6月14日 週一 下午9:37,1,鯊魚煙,,60,0,0,0,0,0,0,0,2018/06/14,Monday,21:37
r7aj-iave,福勝亭 (新北頂溪店4649),6月13日 週日 下午6:51,1,和風咖哩雞肉定食,"和風咖哩雞肉定食, 黃金泡菜",230,0,0,0,0,0,0,0,2018/06/13,Sunday,18:51
r7aj-iave,福勝亭 (新北頂溪店4649),6月13日 週日 下午6:51,1,香酥炸腰內肉定食,"香酥炸腰內肉定食【台灣豬】, 黃金泡菜",230,0,0,0,0,0,0,0,2018/06/13,Sunday,18:51
g3lt-kkxm,麥當勞 (S85 永和中正店),6月13日 週日 下午1:05,1,套餐-大麥克 Big Mac Meal,"薯條 (中) Fries (M), 玉米湯 (小) corn soup (s), 無需加價購 no addon, thanks",135,0,0,0,0,0,0,0,2018/06/13,Sunday,13:05
g3lt-kkxm,麥當勞 (S85 永和中正店),6月13日 週日 下午1:05,1,套餐-BLT 辣脆鷄腿堡 BLT Spicy Chicken Burger Meal,"薯條 (中) Fries (M), 玉米湯 (小) corn soup (s), 無需加價購 no addon, thanks",169,0,0,0,0,0,0,0,2018/06/13,Sunday,13:05
j4iq-bslx,萬華莊家班麻油雞 (永和中正店),6月10日 週四 下午10:03,1,人氣麻油綜合套餐,,230,0,0,0,0,0,0,0,2018/06/10,Thursday,22:03
g3lt-7yn0,麥當勞 (S85 永和中正店),6月10日 週四 下午2:04,1,套餐-雙層牛肉吉事堡 Double Cheeseburger Meal,"可口可樂 (中) Coca Cola (M), 4塊鷄塊+中薯 4pcs chicken mcnuggets + fries (m), 糖醋醬包 sweet sour sauce, 加購原味麥脆鷄腿 addon mccrispy original",220,0,0,0,0,0,0,0,2018/06/10,Thursday,14:04
z1rt-wnz6,CoCo 壹番屋咖哩 (公館台大店),6月9日 週三 下午8:13,1,菠菜咖哩飯,"2辛【中辣】, 300g【標準】",220,0,0,0,0,0,0,0,2018/06/09,Wednesday,20:13
z1rt-wnz6,CoCo 壹番屋咖哩 (公館台大店),6月9日 週三 下午8:13,1,牛肉歐姆咖哩飯,甘口【不辣】,345,0,0,0,0,0,0,0,2018/06/09,Wednesday,20:13
hllk-x1gw,可不可熟成紅茶 (永和永安店),6月8日 週二 下午9:19,1,熟成紅茶,"去冰, 半糖",35,0,0,0,0,0,0,0,2018/06/08,Tuesday,21:19
hllk-x1gw,可不可熟成紅茶 (永和永安店),6月8日 週二 下午9:19,1,白玉歐蕾,"去冰, 半糖",70,0,0,0,0,0,0,0,2018/06/08,Tuesday,21:19
e0lo-lhxk,胖老爹美式炸雞 (永和樂華店),6月5日 週六 下午5:06,1,4號餐【雞翅、雞塊、雞腿、飲料】,雪碧,150,0,0,0,0,0,0,0,2018/06/05,Saturday,17:06
e0lo-lhxk,胖老爹美式炸雞 (永和樂華店),6月5日 週六 下午5:06,1,2號餐【雞塊、雞腿、飲料】,可樂,115,0,0,0,0,0,0,0,2018/06/05,Saturday,17:06
y5qb-qc1m,呈信傳統鵝肉店 (永和永貞店),6月3日 週四 下午3:55,1,個人套餐,,170,0,0,0,0,0,0,0,2018/06/03,Thursday,15:55
y5qb-qc1m,呈信傳統鵝肉店 (永和永貞店),6月3日 週四 下午3:55,1,溏心蛋,,20,0,0,0,0,0,0,0,2018/06/03,Thursday,15:55
j4iq-sq0y,萬華莊家班麻油雞 (永和中正店),6月2日 週三 下午11:03,1,麻油腰子,,200,0,0,0,0,0,0,0,2018/06/02,Wednesday,23:03
r0pu-kpet,乾杯燒肉居酒屋 (台北中山店),6月1日 週二 下午6:36,1,澳洲和牛牛五花&厚切牛舌便當,肉增量1.5倍,480,0,0,0,0,0,0,0,2018/06/01,Tuesday,18:36
p1ra-csfx,阿桐阿寶四神湯,6月1日 週二 上午11:56,1,四神湯 豬肉品原產地：台灣,,72,0,0,0,0,0,0,0,2018/06/01,Tuesday,11:56
p1ra-csfx,阿桐阿寶四神湯,6月1日 週二 上午11:56,1,燒賣 豬肉品原產地：台灣,,60,0,0,0,0,0,0,0,2018/06/01,Tuesday,11:56
wwbk-b09j,白家麻油雞 (台北中山店),5月31日 週一 下午9:01,1,麻油三拼湯,套餐組合【麵線、青菜】,320,0,0,0,0,0,0,0,2018/05/31,Monday,21:01
d4ip-ileq,50嵐 (誠品R79),5月31日 週一 下午2:11,1,黃金烏龍拿鐵,"半糖, 溫, 珍珠",55,0,0,0,0,0,0,0,2018/05/31,Monday,14:11
d4ip-ileq,50嵐 (誠品R79),5月31日 週一 下午2:11,1,本店配料備料量約20餘杯,,0,0,0,0,0,0,0,0,2018/05/31,Monday,14:11
d4ip-ileq,50嵐 (誠品R79),5月31日 週一 下午2:11,1,本店每筆訂單酌收餐點包裝費1元,,0,0,0,0,0,0,0,0,2018/05/31,Monday,14:11
y6sl-vym3,鬍鬚張魯肉飯 (台北吉林店),5月31日 週一 上午11:22,1,獨享個人餐,,180,0,0,0,0,0,0,0,2018/05/31,Monday,11:22
y0yc-l9hb,胖老爹美式炸雞 (中山民生店),5月30日 週日 下午5:53,1,2號餐【雞塊、雞腿、飲料】,可樂,115,0,0,0,0,0,0,0,2018/05/30,Sunday,17:53
y4et-8zkk,銀兔湯咖哩 (台北中山北路店),5月29日 週六 下午2:29,1,燴燉豬肉湯咖哩（台灣豬）,辣度1,260,0,0,0,0,0,0,0,2018/05/29,Saturday,14:29
y0fd-uhzf,三顧茅廬 (台北民權店),5月28日 週五 下午7:47,1,麻辣湯套餐(麻而不辣),"行運綜合蔬菜組, 鴨血, 豆腐, 蒸煮麵, 高麗菜, 大豆乾, 秘滷牛肚",270,0,0,0,0,0,0,0,2018/05/28,Friday,19:47
j0lp-z17c,一風堂 (台北中山店),5月27日 週四 下午1:45,1,特製白丸,,290,0,0,0,0,0,0,0,2018/05/27,Thursday,13:45
n2qg-w9hr,統一超商(南投莘鑫店),5月25日 週二 下午4:15,1,飲冰室茶集烏龍奶茶(盒) | 400ml #24154932,,25,0,0,0,0,0,0,0,2018/05/25,Tuesday,16:15
n2qg-w9hr,統一超商(南投莘鑫店),5月25日 週二 下午4:15,1,黑松沙士PET | 600ml #24152662,,29,0,0,0,0,0,0,0,2018/05/25,Tuesday,16:15
uidu-a07c,小北百貨(南投店),5月22日 週六 上午10:15,1,熱銷商品 | 統一麥香奶茶 | 6 入 #4710088426680,,60,0,0,0,0,0,0,0,2018/05/22,Saturday,10:15
uidu-a07c,小北百貨(南投店),5月22日 週六 上午10:15,1,熱銷商品 | 統一麥香紅茶 | 6 入 #4710088426604,,60,0,0,0,0,0,0,0,2018/05/22,Saturday,10:15
n2qg-9f8j,統一超商(南投莘鑫店),5月14日 週五 上午10:15,1,黑松沙士PET | 4入x600ml #24149983,,116,0,0,0,0,0,0,0,2018/05/14,Friday,10:15
n2qg-9f8j,統一超商(南投莘鑫店),5月14日 週五 上午10:15,1,飲冰室茶集烏龍奶茶(盒) | 400ml #24154932,,25,0,0,0,0,0,0,0,2018/05/14,Friday,10:15
n2qg-9f8j,統一超商(南投莘鑫店),5月14日 週五 上午10:15,1,飲冰室茶集綠奶茶(盒) | 400ml #24153294,,25,0,0,0,0,0,0,0,2018/05/14,Friday,10:15
n2qg-9f8j,統一超商(南投莘鑫店),5月14日 週五 上午10:15,1,義美特濃巧克力小泡芙 | 39g #24158688,,23,0,0,0,0,0,0,0,2018/05/14,Friday,10:15
n2qg-9f8j,統一超商(南投莘鑫店),5月14日 週五 上午10:15,1,格力高百琪巧克力棒 | 40g #24155748,,38,0,0,0,0,0,0,0,2018/05/14,Friday,10:15
uidu-etry,小北百貨(南投店),5月12日 週三 下午12:59,1,珊瑚絨浴巾(70*140cm) #RA101 #4719864751701,,99,0,0,0,0,0,0,0,2018/05/12,Wednesday,12:59
uidu-etry,小北百貨(南投店),5月12日 週三 下午12:59,1,統一麥香紅茶 | 6 入 #4710088426604,,60,0,0,0,0,0,0,0,2018/05/12,Wednesday,12:59
e0lo-2tec,胖老爹美式炸雞 (永和樂華店),3月17日 週三 下午9:47,1,2號餐【雞塊、雞腿、飲料】,可樂,115,0,0,0,0,0,0,0,2018/03/17,Wednesday,21:47
a9rp-klp0,清心福全 (永和宜安店),2月10日 週三 下午10:04,1,錫蘭奶紅,"熱飲, 半糖 (5分), 珍珠",60,0,0,0,0,0,0,0,2018/02/10,Wednesday,22:04
q5ac-2wyb,北港蔡家烤小卷,2月5日 週五 下午8:53,1,小卷,椒鹽多,150,0,0,0,0,0,0,0,2018/02/05,Friday,20:53
ufoo-28si,福隆月台便當 (永和福和店),2月4日 週四 下午12:10,1,全瘦肉便當、味噌紫菜蛋花貢丸湯,,95,0,0,0,0,0,0,0,2018/02/04,Thursday,12:10
c4wd-3012,すき家 Sukiya (台北公館店),2月1日 週一 下午2:06,1,牛肉咖哩套餐,青菜套餐(すき家的青菜、味噌湯),209,0,0,0,0,0,0,0,2018/02/01,Monday,14:06
c4wd-3012,すき家 Sukiya (台北公館店),2月1日 週一 下午2:06,1,3種起司牛丼套餐,外送限定套餐(菜豆、味噌湯),179,0,0,0,0,0,0,0,2018/02/01,Monday,14:06
c4wd-3012,すき家 Sukiya (台北公館店),2月1日 週一 下午2:06,1,溫泉蛋,,25,0,0,0,0,0,0,0,2018/02/01,Monday,14:06
y6ne-lkg7,呈信傳統鵝肉店 (中和興南店),1月31日 週日 下午5:45,1,個人套餐,,170,0,0,0,0,0,0,0,2018/01/31,Sunday,17:45
y2hl-acez,胖老爹美式炸雞 (中和連城店),1月31日 週日 上午11:44,1,2號餐【雞塊、雞腿、飲料】,可樂,115,0,0,0,0,0,0,0,2018/01/31,Sunday,11:44
y1ee-7ovx,摩斯漢堡Mos Burger (新北中和店),1月30日 週六 下午6:00,1,吉祥起司和牛堡組合餐,可樂【L】,139,0,0,0,0,0,0,0,2018/01/30,Saturday,18:00
y8hj-pqnv,茶湯會 (中和新生店),1月30日 週六 上午11:45,1,鐵觀音奶茶,"熱, 半糖, 加珍珠",65,0,0,0,0,0,0,0,2018/01/30,Saturday,11:45
c2pe-fvnl,福勝亭 (新北板橋店4643),1月30日 週六 上午11:45,1,香酥炸腰內肉定食,"香酥炸腰內肉定食【台灣豬】, 茶碗蒸",240,0,0,0,0,0,0,0,2018/01/30,Saturday,11:45
i0gr-eu9y,鴨老爹烤鴨,1月29日 週五 下午5:40,1,半鴨雙吃,不辣,390,0,0,0,0,0,0,0,2018/01/29,Friday,17:40
e6cp-ozy0,熊貓超市(中和店),1月29日 週五 上午11:55,1,可口可樂 330mlx6入,,85,0,0,0,0,0,0,0,2018/01/29,Friday,11:55
y2hl-pycl,胖老爹美式炸雞 (中和連城店),1月28日 週四 下午6:01,1,2號餐【雞塊、雞腿、飲料】,雪碧,115,0,0,0,0,0,0,0,2018/01/28,Thursday,18:01
d0ds-z24j,50嵐 (中和員山店),1月28日 週四 上午11:45,1,綠茶拿鐵,"半糖, 熱, 珍珠",60,0,0,0,0,0,0,0,2018/01/28,Thursday,11:45
d2kr-g5jh,公子鹹水雞 (板橋國慶總店),1月27日 週三 下午4:57,1,煙燻雞雙人分享餐,"特級胡椒口味, 玉米筍, 雞胗, 豬血糕, 黃豆干, 大溪豆干, 不辣, 適中胡椒粉, 加香油, 加蒜, 去骨, 洋蔥, 花椰菜",330,0,0,0,0,0,0,0,2018/01/27,Wednesday,16:57
h9aa-n70o,萬華莊家班麻油雞 (中和莒光店),1月26日 週二 下午5:45,1,人氣麻油綜合套餐,,230,0,0,0,0,0,0,0,2018/01/26,Tuesday,17:45
f6ti-b5v2,台北城麻辣鴨血臭豆腐 (中和民安店),1月25日 週一 下午5:45,1,招牌麻辣豆腐,小辣,100,0,0,0,0,0,0,0,2018/01/25,Monday,17:45
t8sk-ecgg,統一超商(沅氣店),1月25日 週一 上午11:45,2,7D菲律賓宿霧芒果乾 | 70g #24155823,,198,0,0,0,0,0,0,0,2018/01/25,Monday,11:45
t8sk-ecgg,統一超商(沅氣店),1月25日 週一 上午11:45,1,統一麥香紅茶TP | 6入x300ml #24149846,,60,0,0,0,0,0,0,0,2018/01/25,Monday,11:45
a4zc-bai5,COMEBUY (新北中和民安店),1月24日 週日 上午11:41,1,海神奶茶,"半糖, 熱飲, 珍珠",60,0,0,0,0,0,0,0,2018/01/24,Sunday,11:41
y2hl-cjgj,胖老爹美式炸雞 (中和連城店),1月23日 週六 下午5:45,1,2號餐【雞塊、雞腿、飲料】,可樂,115,0,0,0,0,0,0,0,2018/01/23,Saturday,17:45
k4hs-m4vz,樂華蚵仔煎,1月22日 週五 下午5:45,1,蚵仔煎,,75,0,0,0,0,0,0,0,2018/01/22,Friday,17:45
k4hs-m4vz,樂華蚵仔煎,1月22日 週五 下午5:45,1,豬血湯,,35,0,0,0,0,0,0,0,2018/01/22,Friday,17:45
e6cp-ck7h,熊貓超市(中和店),1月22日 週五 下午5:07,1,黑松 加鹽沙士 330mlx6,,89,0,0,0,0,0,0,0,2018/01/22,Friday,17:07
e6cp-ck7h,熊貓超市(中和店),1月22日 週五 下午5:07,1,【Neutrogena露得清】男性深層去油洗面乳100g,,99,0,0,0,0,0,0,0,2018/01/22,Friday,17:07
f6ti-py15,台北城麻辣鴨血臭豆腐 (中和民安店),1月21日 週四 下午5:45,1,大腸麵線,小辣,60,0,0,0,0,0,0,0,2018/01/21,Thursday,17:45
f6ti-py15,台北城麻辣鴨血臭豆腐 (中和民安店),1月21日 週四 下午5:45,1,深坑脆皮臭豆腐,中辣,60,0,0,0,0,0,0,0,2018/01/21,Thursday,17:45
wehx-tkmr,清心福全 (中和連城店),1月20日 週三 下午5:26,1,【隱藏版】珍珠蜂蜜鮮奶普洱,"熱飲, 少蜜【8分】",70,0,0,0,0,0,0,0,2018/01/20,Wednesday,17:26
c7ek-jyaf,爭鮮gogo (中和環球店),1月20日 週三 下午5:45,1,四喜海鮮,茶碗蒸,140,0,0,0,0,0,0,0,2017/01/20,Wednesday,17:45
c7ek-jyaf,爭鮮gogo (中和環球店),1月20日 週三 下午5:45,1,繽紛海鮮,味噌湯,140,0,0,0,0,0,0,0,2017/01/20,Wednesday,17:45
y8hj-bjyl,茶湯會 (中和新生店),1月18日 週一 下午12:00,1,鐵觀音奶茶,"熱, 半糖, 加珍珠",65,0,0,0,0,0,0,0,2017/01/18,Monday,12:00
f6lu-ygn1,熊貓超市(新莊店),8月28日 週五 下午8:39,1,蘋果西打 600ml,,29,0,0,0,0,0,0,0,2016/08/28,Friday,20:39
f6lu-ygn1,熊貓超市(新莊店),8月28日 週五 下午8:39,1,維他露P 610ml,,24,0,0,0,0,0,0,0,2016/08/28,Friday,20:39
n8dm-plzc,湘味王鹹水雞 (新莊自信店),8月28日 週五 下午8:51,1,D套餐：煙燻雞胸,"玉米筍, 花椰菜, 洋蔥, 黑豆干, 小黃瓜, 雞胗",200,0,0,0,0,0,0,0,2015/08/28,Friday,20:51
x0bq-d3np,麥當勞 (S423 新莊中正二店),8月28日 週五 下午12:30,1,鷄塊中薯餐-雙層牛肉吉事堡 Double Cheeseburger Meal with 4pcs McNuggets & Fries,"可口可樂 (中) Coca Cola (M), 加購原味麥脆鷄腿 addon mccrispy original, 糖醋醬包 sweet sour sauce",220,0,0,0,0,0,0,0,2015/08/28,Friday,12:30
e6sj-8dlq,清心福全 (新莊輔大店),8月25日 週二 下午12:46,1,金桔檸檬,"微糖【2分】, 少冰",55,0,0,0,0,0,0,0,2015/08/25,Tuesday,12:46
e6sj-8dlq,清心福全 (新莊輔大店),8月25日 週二 下午12:46,1,珍珠鮮奶茶,"半糖【5分】, 少冰",60,0,0,0,0,0,0,0,2015/08/25,Tuesday,12:46
c2dc-6k69,鮭鮮人壽司屋,8月24日 週一 下午6:44,1,白蝦丼,,220,0,0,0,0,0,0,0,2015/08/24,Monday,18:44
c2dc-6k69,鮭鮮人壽司屋,8月24日 週一 下午6:44,1,胡椒鱈魚肝,,180,0,0,0,0,0,0,0,2015/08/24,Monday,18:44
y0hj-nbo1,胖老爹美式炸雞 (新莊中華店),8月24日 週一 下午3:06,1,2號餐【雞塊、雞腿、飲料】,可樂,115,0,0,0,0,0,0,0,2015/08/24,Monday,15:06
a8li-tnm0,茶湯會 (新莊民安西店),8月22日 週六 下午8:36,1,觀音珍珠拿鐵,"微冰, 半糖",70,0,0,0,0,0,0,0,2015/08/22,Saturday,20:36
f6lu-akve,熊貓超市(新莊店),8月22日 週六 下午8:32,1,黑松沙士 330ml*6,,99,0,0,0,0,0,0,0,2015/08/22,Saturday,20:32
f6lu-akve,熊貓超市(新莊店),8月22日 週六 下午8:32,1,統一麥香紅茶 300ml*6,,60,0,0,0,0,0,0,0,2015/08/22,Saturday,20:32
a3yc-s46i,阿霞臭豆腐麵線,8月21日 週五 下午9:10,1,脆皮臭豆腐,不加辣,55,0,0,0,0,0,0,0,2015/08/21,Friday,21:10
e6sj-esue,清心福全 (新莊輔大店),8月17日 週一 下午2:58,1,蜂蜜奶茶,"全糖【10分】, 少冰, 加珍珠",70,0,0,0,0,0,0,0,2015/08/17,Monday,14:58
k3dv-4diy,点爭鮮 (新莊復興店) - inactive,8月16日 週日 下午4:07,1,男子漢嚴選,,220,0,0,0,0,0,0,0,2015/08/16,Sunday,16:07
k3dv-4diy,点爭鮮 (新莊復興店) - inactive,8月16日 週日 下午4:07,1,花蛤味噌湯,,40,0,0,0,0,0,0,0,2015/08/16,Sunday,16:07
k3dv-4diy,点爭鮮 (新莊復興店) - inactive,8月16日 週日 下午4:07,1,六品刺身,,200,0,0,0,0,0,0,0,2015/08/16,Sunday,16:07
